strains.ID_strains;strains.Culture collection no.;strains.Genus;strains.Species;strains.Strain Designation;strains.Type strain;strains_tax_PNU.Species;strains_tax_PNU.ID_reference;colony_morphology.Incubation period;colony_morphology.ID_reference;culture_medium.Culture medium;culture_medium.ID_reference;culture_temp.Temperature;culture_temp.ID_reference;compound_production.Name of produced compound;compound_production.ID_reference;oxygen_tolerance.Oxygen tolerance;oxygen_tolerance.ID_reference;nutrition_type.Nutrition type;nutrition_type.ID_reference;met_util.Metabolite;met_util.ID_reference;met_production.Metabolite;met_production.Production;met_production.ID_reference;met_test.Metabolite;met_test.ID_reference;enzymes.Enzyme;enzymes.Enzyme activity;enzymes.ID_reference;origin.Sample type/isolated from;origin.ID_reference;sequence_genomes.Seq. accession number;sequence_genomes.ID_reference
159229;DSM 109302;Klebsiella;Klebsiella pneumoniae;BWKH 523;0;Klebsiella pneumoniae;20215;;;TRYPTICASE SOY YEAST EXTRACT MEDIUM (DSMZ Medium 92);66052;37;66052;;;;;;;;;;;;;;;;;throat swab;66052;;
136216;CIP 53.17;Klebsiella;Klebsiella pneumoniae;;0;Klebsiella pneumoniae;20215;;;MEDIUM 3 - Columbia agar;35563;30;35563;;;;;;;;;;;;;;;;;;;;
159230;DSM 109303;Klebsiella;Klebsiella pneumoniae;BWKH 525;0;Klebsiella pneumoniae;20215;;;TRYPTICASE SOY YEAST EXTRACT MEDIUM (DSMZ Medium 92);66053;37;66053;;;;;;;;;;;;;;;;;rectal swab;66053;;
136219;CIP 53.8;Klebsiella;Klebsiella pneumoniae;;0;Klebsiella pneumoniae;20215;;;MEDIUM 3 - Columbia agar;35566;30;35566;;;;;;;;;;;;;;;;;;;;
159231;DSM 109306;Klebsiella;Klebsiella pneumoniae;BWKH 387;0;Klebsiella pneumoniae;20215;;;TRYPTICASE SOY YEAST EXTRACT MEDIUM (DSMZ Medium 92);66054;37;66054;;;;;;;;;;;;;;;;;bronchoalveolar lavage;66054;;
136223;CIP 53.11;Klebsiella;Klebsiella pneumoniae;;0;Klebsiella pneumoniae;20215;;;MEDIUM 3 - Columbia agar;35570;30;35570;;;;;;;;;;;;;;;;;;;;
159232;DSM 109307;Klebsiella;Klebsiella pneumoniae;BWKH 388;0;Klebsiella pneumoniae;20215;;;TRYPTICASE SOY YEAST EXTRACT MEDIUM (DSMZ Medium 92);66055;37;66055;;;;;;;;;;;;;;;;;wound swab;66055;;
136224;CIP 53.12;Klebsiella;Klebsiella pneumoniae;;0;Klebsiella pneumoniae;20215;;;MEDIUM 3 - Columbia agar;35572;30;35572;;;;;;;;;;;;;;;;;;;;
159234;DSM 109309;Klebsiella;Klebsiella pneumoniae;BWKH 391;0;Klebsiella pneumoniae;20215;;;TRYPTICASE SOY YEAST EXTRACT MEDIUM (DSMZ Medium 92);66057;37;66057;;;;;;;;;;;;;;;;;blood culture;66057;;
136228;CIP 53.15;Klebsiella;Klebsiella pneumoniae;;0;Klebsiella pneumoniae;20215;;;MEDIUM 3 - Columbia agar;35576;30;35576;;;;;;;;;;;;;;;;;;;;
159246;DSM 109321;Klebsiella;Klebsiella pneumoniae;BWKH 407;0;Klebsiella pneumoniae;20215;;;TRYPTICASE SOY YEAST EXTRACT MEDIUM (DSMZ Medium 92);66069;37;66069;;;;;;;;;;;;;;;;;rectal swab;66069;;
136231;CIP 103623, ATCC 49472;Klebsiella;Klebsiella pneumoniae;;0;Klebsiella pneumoniae;20215;;;MEDIUM 72- for trypto casein soja agar;35579;30;35579;;;;;;;;;;;;;;;;;;;;
159247;DSM 109322;Klebsiella;Klebsiella pneumoniae;BWKH 410;0;Klebsiella pneumoniae;20215;;;TRYPTICASE SOY YEAST EXTRACT MEDIUM (DSMZ Medium 92);66070;37;66070;;;;;;;;;;;;;;;;;medium yet urine;66070;;
136235;CIP 53.16;Klebsiella;Klebsiella pneumoniae;;0;Klebsiella pneumoniae;20215;;;MEDIUM 3 - Columbia agar;35583;30;35583;;;;;;;;;;;;;;;;;;;;
159248;DSM 109323;Klebsiella;Klebsiella pneumoniae;BWKH 411;0;Klebsiella pneumoniae;20215;;;TRYPTICASE SOY YEAST EXTRACT MEDIUM (DSMZ Medium 92);66071;37;66071;;;;;;;;;;;;;;;;;nasal swab;66071;;
136451;CIP 105856;Klebsiella;Klebsiella pneumoniae;;0;Klebsiella pneumoniae;20215;;;MEDIUM 3 - Columbia agar;35871;30;35871;;;;;;;;;;;;;;;;;;;;
159249;DSM 109324;Klebsiella;Klebsiella pneumoniae;BWKH 412;0;Klebsiella pneumoniae;20215;;;TRYPTICASE SOY YEAST EXTRACT MEDIUM (DSMZ Medium 92);66072;37;66072;;;;;;;;;;;;;;;;;Inguinal swab;66072;;
136452;CIP 105857;Klebsiella;Klebsiella pneumoniae;;0;Klebsiella pneumoniae;20215;;;MEDIUM 3 - Columbia agar;35872;30;35872;;;;;;;;;;;;;;;;;;;;
159250;DSM 109325;Klebsiella;Klebsiella pneumoniae;BWKH 413;0;Klebsiella pneumoniae;20215;;;TRYPTICASE SOY YEAST EXTRACT MEDIUM (DSMZ Medium 92);66073;37;66073;;;;;;;;;;;;;;;;;rectal swab;66073;;
136491;CIP 106194;Klebsiella;Klebsiella pneumoniae;;0;Klebsiella pneumoniae;20215;;;MEDIUM 3 - Columbia agar;35912;37;35912;;;;;;;;;;;;;;;;;;;;
159251;DSM 109326;Klebsiella;Klebsiella pneumoniae;BWKH 415;0;Klebsiella pneumoniae;20215;;;TRYPTICASE SOY YEAST EXTRACT MEDIUM (DSMZ Medium 92);66074;37;66074;;;;;;;;;;;;;;;;;rectal swab;66074;;
137155;CIP 80.44;Klebsiella;Klebsiella pneumoniae;;0;Klebsiella pneumoniae;20215;;;MEDIUM 3 - Columbia agar;37019;30;37019;;;;;;;;;;;;;;;;;;37019;;
137156;CIP 80.45;Klebsiella;Klebsiella pneumoniae;;0;Klebsiella pneumoniae;20215;;;MEDIUM 3 - Columbia agar;37020;30;37020;;;;;;;;;;;;;;;;;;37020;;
137160;CIP 52.146, NCTC 5056;Klebsiella;Klebsiella pneumoniae;;0;Klebsiella pneumoniae;20215;;;MEDIUM 3 - Columbia agar;37025;30;37025;;;;;;;;;;;;;;;;;;;GCA_900451755;66792
137160;CIP 52.146, NCTC 5056;Klebsiella;Klebsiella pneumoniae;;0;;;;;;;;;;;;;;;;;;;;;;;;;;;573.20137;66792
137232;CIP 52.208;Klebsiella;Klebsiella pneumoniae;;0;Klebsiella pneumoniae;20215;;;MEDIUM 3 - Columbia agar;37117;30;37117;;;;;;;;;;;;;;;;;;;;
4946;DSM 1620;Klebsiella;Klebsiella pneumoniae;A;0;Klebsiella pneumoniae;20215;;;REACTIVATION WITH LIQUID MEDIUM 1 (DSMZ Medium 1a);835;30;835;;;;;;;L-arabinose;68368;acetoin;1;68368;acetoin;68368;cytochrome oxidase;-;68368;sewage;835;;
4946;DSM 1620;Klebsiella;Klebsiella pneumoniae;A;0;;;;;;;;;;;;;;;amygdalin;68368;indole;0;68368;indole;68368;gelatinase;-;68368;;;;
4946;DSM 1620;Klebsiella;Klebsiella pneumoniae;A;0;;;;;;;;;;;;;;;melibiose;68368;hydrogen sulfide;0;68368;;;tryptophan deaminase;-;68368;;;;
4946;DSM 1620;Klebsiella;Klebsiella pneumoniae;A;0;;;;;;;;;;;;;;;sucrose;68368;;;;;;urease;+;68368;;;;
4946;DSM 1620;Klebsiella;Klebsiella pneumoniae;A;0;;;;;;;;;;;;;;;L-rhamnose;68368;;;;;;ornithine decarboxylase;-;68368;;;;
4946;DSM 1620;Klebsiella;Klebsiella pneumoniae;A;0;;;;;;;;;;;;;;;sorbitol;68368;;;;;;lysine decarboxylase;+;68368;;;;
4946;DSM 1620;Klebsiella;Klebsiella pneumoniae;A;0;;;;;;;;;;;;;;;myo-inositol;68368;;;;;;arginine dihydrolase;-;68368;;;;
4946;DSM 1620;Klebsiella;Klebsiella pneumoniae;A;0;;;;;;;;;;;;;;;D-mannitol;68368;;;;;;beta-galactosidase;+;68368;;;;
4946;DSM 1620;Klebsiella;Klebsiella pneumoniae;A;0;;;;;;;;;;;;;;;D-glucose;68368;;;;;;;;;;;;
4946;DSM 1620;Klebsiella;Klebsiella pneumoniae;A;0;;;;;;;;;;;;;;;gelatin;68368;;;;;;;;;;;;
4946;DSM 1620;Klebsiella;Klebsiella pneumoniae;A;0;;;;;;;;;;;;;;;tryptophan;68368;;;;;;;;;;;;
4946;DSM 1620;Klebsiella;Klebsiella pneumoniae;A;0;;;;;;;;;;;;;;;urea;68368;;;;;;;;;;;;
4946;DSM 1620;Klebsiella;Klebsiella pneumoniae;A;0;;;;;;;;;;;;;;;citrate;68368;;;;;;;;;;;;
4946;DSM 1620;Klebsiella;Klebsiella pneumoniae;A;0;;;;;;;;;;;;;;;ornithine;68368;;;;;;;;;;;;
4946;DSM 1620;Klebsiella;Klebsiella pneumoniae;A;0;;;;;;;;;;;;;;;lysine;68368;;;;;;;;;;;;
4946;DSM 1620;Klebsiella;Klebsiella pneumoniae;A;0;;;;;;;;;;;;;;;arginine;68368;;;;;;;;;;;;
137241;CIP 52.228;Klebsiella;Klebsiella pneumoniae;;0;Klebsiella pneumoniae;20215;;;MEDIUM 3 - Columbia agar;37139;30;37139;;;;;;;;;;;;;;;;;;;;
4947;DSM 1643, BMTU 5;Klebsiella;Klebsiella pneumoniae;;0;Klebsiella pneumoniae;20215;;;NUTRIENT AGAR (DSMZ Medium 1);844;30;844;;;;;;;;;;;;;;;;;;;;
137246;CIP 53.13;Klebsiella;Klebsiella pneumoniae;;0;Klebsiella pneumoniae;20215;;;MEDIUM 3 - Columbia agar;37145;30;37145;;;;;;;;;;;;;;;;;;;;
4948;DSM 2026, ATCC 15380, NCIB 418, NCTC 418;Klebsiella;Klebsiella pneumoniae;240;0;Klebsiella pneumoniae;20215;;;COLUMBIA BLOOD MEDIUM (DSMZ Medium 693);959;37;959;bacteriocin ;959;;;;;L-arabinose;68368;acetoin;1;68368;acetoin;68368;cytochrome oxidase;-;68368;;;GCA_900635995;66792
4948;DSM 2026, ATCC 15380, NCIB 418, NCTC 418;Klebsiella;Klebsiella pneumoniae;240;0;;;;;NUTRIENT AGAR (DSMZ Medium 1);959;30;35132;1,3 propanediol ;959;;;;;amygdalin;68368;indole;0;68368;indole;68368;gelatinase;-;68368;;;GCA_000949515;66792
4948;DSM 2026, ATCC 15380, NCIB 418, NCTC 418;Klebsiella;Klebsiella pneumoniae;240;0;;;;;MEDIUM 3 - Columbia agar;35132;;;1,3 propanediol oxidoreductase ;959;;;;;melibiose;68368;hydrogen sulfide;0;68368;;;tryptophan deaminase;-;68368;;;GCA_003076915;66792
4948;DSM 2026, ATCC 15380, NCIB 418, NCTC 418;Klebsiella;Klebsiella pneumoniae;240;0;;;;;;;;;;;;;;;sucrose;68368;;;;;;urease;+;68368;;;548.407;66792
4948;DSM 2026, ATCC 15380, NCIB 418, NCTC 418;Klebsiella;Klebsiella pneumoniae;240;0;;;;;;;;;;;;;;;L-rhamnose;68368;;;;;;ornithine decarboxylase;-;68368;;;573.148;66792
4948;DSM 2026, ATCC 15380, NCIB 418, NCTC 418;Klebsiella;Klebsiella pneumoniae;240;0;;;;;;;;;;;;;;;sorbitol;68368;;;;;;arginine dihydrolase;-;68368;;;573.18084;66792
4948;DSM 2026, ATCC 15380, NCIB 418, NCTC 418;Klebsiella;Klebsiella pneumoniae;240;0;;;;;;;;;;;;;;;myo-inositol;68368;;;;;;beta-galactosidase;+;68368;;;1226680.3;66792
4948;DSM 2026, ATCC 15380, NCIB 418, NCTC 418;Klebsiella;Klebsiella pneumoniae;240;0;;;;;;;;;;;;;;;D-mannitol;68368;;;;;;;;;;;2922810722;66792
4948;DSM 2026, ATCC 15380, NCIB 418, NCTC 418;Klebsiella;Klebsiella pneumoniae;240;0;;;;;;;;;;;;;;;D-glucose;68368;;;;;;;;;;;2740892456;66792
4948;DSM 2026, ATCC 15380, NCIB 418, NCTC 418;Klebsiella;Klebsiella pneumoniae;240;0;;;;;;;;;;;;;;;gelatin;68368;;;;;;;;;;;;
4948;DSM 2026, ATCC 15380, NCIB 418, NCTC 418;Klebsiella;Klebsiella pneumoniae;240;0;;;;;;;;;;;;;;;tryptophan;68368;;;;;;;;;;;;
4948;DSM 2026, ATCC 15380, NCIB 418, NCTC 418;Klebsiella;Klebsiella pneumoniae;240;0;;;;;;;;;;;;;;;urea;68368;;;;;;;;;;;;
4948;DSM 2026, ATCC 15380, NCIB 418, NCTC 418;Klebsiella;Klebsiella pneumoniae;240;0;;;;;;;;;;;;;;;citrate;68368;;;;;;;;;;;;
4948;DSM 2026, ATCC 15380, NCIB 418, NCTC 418;Klebsiella;Klebsiella pneumoniae;240;0;;;;;;;;;;;;;;;ornithine;68368;;;;;;;;;;;;
4948;DSM 2026, ATCC 15380, NCIB 418, NCTC 418;Klebsiella;Klebsiella pneumoniae;240;0;;;;;;;;;;;;;;;arginine;68368;;;;;;;;;;;;
137249;CIP 53.14;Klebsiella;Klebsiella pneumoniae;;0;Klebsiella pneumoniae;20215;;;MEDIUM 3 - Columbia agar;37148;30;37148;;;;;;;;;;;;;;;;;;;;
4949;DSM 4270;Klebsiella;Klebsiella pneumoniae;H 273;0;Klebsiella pneumoniae;20215;;;NUTRIENT AGAR (DSMZ Medium 1);1637;30;1637;2,3 butanediol ;1637;;;;;L-arabinose;68368;acetoin;1;68368;acetoin;68368;cytochrome oxidase;-;68368;silage;1637;;
4949;DSM 4270;Klebsiella;Klebsiella pneumoniae;H 273;0;;;;;;;;;1,3 propanediol ;1637;;;;;amygdalin;68368;indole;0;68368;indole;68368;gelatinase;-;68368;;;;
4949;DSM 4270;Klebsiella;Klebsiella pneumoniae;H 273;0;;;;;;;;;;;;;;;melibiose;68368;hydrogen sulfide;0;68368;;;tryptophan deaminase;-;68368;;;;
4949;DSM 4270;Klebsiella;Klebsiella pneumoniae;H 273;0;;;;;;;;;;;;;;;sucrose;68368;;;;;;urease;+;68368;;;;
4949;DSM 4270;Klebsiella;Klebsiella pneumoniae;H 273;0;;;;;;;;;;;;;;;L-rhamnose;68368;;;;;;ornithine decarboxylase;-;68368;;;;
4949;DSM 4270;Klebsiella;Klebsiella pneumoniae;H 273;0;;;;;;;;;;;;;;;sorbitol;68368;;;;;;lysine decarboxylase;+;68368;;;;
4949;DSM 4270;Klebsiella;Klebsiella pneumoniae;H 273;0;;;;;;;;;;;;;;;myo-inositol;68368;;;;;;arginine dihydrolase;-;68368;;;;
4949;DSM 4270;Klebsiella;Klebsiella pneumoniae;H 273;0;;;;;;;;;;;;;;;D-mannitol;68368;;;;;;beta-galactosidase;+;68368;;;;
4949;DSM 4270;Klebsiella;Klebsiella pneumoniae;H 273;0;;;;;;;;;;;;;;;D-glucose;68368;;;;;;;;;;;;
4949;DSM 4270;Klebsiella;Klebsiella pneumoniae;H 273;0;;;;;;;;;;;;;;;gelatin;68368;;;;;;;;;;;;
4949;DSM 4270;Klebsiella;Klebsiella pneumoniae;H 273;0;;;;;;;;;;;;;;;tryptophan;68368;;;;;;;;;;;;
4949;DSM 4270;Klebsiella;Klebsiella pneumoniae;H 273;0;;;;;;;;;;;;;;;urea;68368;;;;;;;;;;;;
4949;DSM 4270;Klebsiella;Klebsiella pneumoniae;H 273;0;;;;;;;;;;;;;;;citrate;68368;;;;;;;;;;;;
4949;DSM 4270;Klebsiella;Klebsiella pneumoniae;H 273;0;;;;;;;;;;;;;;;ornithine;68368;;;;;;;;;;;;
4949;DSM 4270;Klebsiella;Klebsiella pneumoniae;H 273;0;;;;;;;;;;;;;;;lysine;68368;;;;;;;;;;;;
4949;DSM 4270;Klebsiella;Klebsiella pneumoniae;H 273;0;;;;;;;;;;;;;;;arginine;68368;;;;;;;;;;;;
137253;CIP 53.21;Klebsiella;Klebsiella pneumoniae;;0;Klebsiella pneumoniae;20215;;;MEDIUM 3 - Columbia agar;37152;30;37152;;;;;;;;;;;;;;;;;;;;
4950;DSM 4799, ATCC 25955, PZH 572;Klebsiella;Klebsiella pneumoniae;PZH;0;Klebsiella pneumoniae;20215;;;COLUMBIA BLOOD MEDIUM (DSMZ Medium 693);1826;25;1826;glycerol dehydrase ;1826;;;;;L-arabinose;68368;acetoin;1;68368;acetoin;68368;cytochrome oxidase;-;68368;;;GCA_000409715;66792
4950;DSM 4799, ATCC 25955, PZH 572;Klebsiella;Klebsiella pneumoniae;PZH;0;;;;;NUTRIENT AGAR (DSMZ Medium 1);1826;;;;;;;;;amygdalin;68368;indole;0;68368;indole;68368;gelatinase;-;68368;;;1316938.3;66792
4950;DSM 4799, ATCC 25955, PZH 572;Klebsiella;Klebsiella pneumoniae;PZH;0;;;;;;;;;;;;;;;melibiose;68368;hydrogen sulfide;0;68368;;;tryptophan deaminase;-;68368;;;2554235128;66792
4950;DSM 4799, ATCC 25955, PZH 572;Klebsiella;Klebsiella pneumoniae;PZH;0;;;;;;;;;;;;;;;sucrose;68368;;;;;;ornithine decarboxylase;-;68368;;;;
4950;DSM 4799, ATCC 25955, PZH 572;Klebsiella;Klebsiella pneumoniae;PZH;0;;;;;;;;;;;;;;;L-rhamnose;68368;;;;;;lysine decarboxylase;+;68368;;;;
4950;DSM 4799, ATCC 25955, PZH 572;Klebsiella;Klebsiella pneumoniae;PZH;0;;;;;;;;;;;;;;;sorbitol;68368;;;;;;arginine dihydrolase;-;68368;;;;
4950;DSM 4799, ATCC 25955, PZH 572;Klebsiella;Klebsiella pneumoniae;PZH;0;;;;;;;;;;;;;;;myo-inositol;68368;;;;;;beta-galactosidase;+;68368;;;;
4950;DSM 4799, ATCC 25955, PZH 572;Klebsiella;Klebsiella pneumoniae;PZH;0;;;;;;;;;;;;;;;D-mannitol;68368;;;;;;;;;;;;
4950;DSM 4799, ATCC 25955, PZH 572;Klebsiella;Klebsiella pneumoniae;PZH;0;;;;;;;;;;;;;;;D-glucose;68368;;;;;;;;;;;;
4950;DSM 4799, ATCC 25955, PZH 572;Klebsiella;Klebsiella pneumoniae;PZH;0;;;;;;;;;;;;;;;gelatin;68368;;;;;;;;;;;;
4950;DSM 4799, ATCC 25955, PZH 572;Klebsiella;Klebsiella pneumoniae;PZH;0;;;;;;;;;;;;;;;tryptophan;68368;;;;;;;;;;;;
4950;DSM 4799, ATCC 25955, PZH 572;Klebsiella;Klebsiella pneumoniae;PZH;0;;;;;;;;;;;;;;;citrate;68368;;;;;;;;;;;;
4950;DSM 4799, ATCC 25955, PZH 572;Klebsiella;Klebsiella pneumoniae;PZH;0;;;;;;;;;;;;;;;ornithine;68368;;;;;;;;;;;;
4950;DSM 4799, ATCC 25955, PZH 572;Klebsiella;Klebsiella pneumoniae;PZH;0;;;;;;;;;;;;;;;lysine;68368;;;;;;;;;;;;
4950;DSM 4799, ATCC 25955, PZH 572;Klebsiella;Klebsiella pneumoniae;PZH;0;;;;;;;;;;;;;;;arginine;68368;;;;;;;;;;;;
137392;CIP 104341;Klebsiella;Klebsiella pneumoniae;;0;Klebsiella pneumoniae;20215;;;MEDIUM 72- for trypto casein soja agar;37670;30;37670;;;;;;;;;;;;;;;;;;37670;;
4951;DSM 5758, ATCC 25306, DSM 1470;Klebsiella;Klebsiella pneumoniae;62-1;0;Klebsiella pneumoniae;20215;;;CASO AGAR (MERCK 105458) (DSMZ Medium 220);2316;37;2316;anthralinat synthetase ;2316;;;;;L-arabinose;68368;acetoin;1;68368;acetoin;68368;cytochrome oxidase;-;68368;;;;
4951;DSM 5758, ATCC 25306, DSM 1470;Klebsiella;Klebsiella pneumoniae;62-1;0;;;;;;;;;chorismic acid ;2316;;;;;amygdalin;68368;indole;0;68368;indole;68368;gelatinase;-;68368;;;;
4951;DSM 5758, ATCC 25306, DSM 1470;Klebsiella;Klebsiella pneumoniae;62-1;0;;;;;;;;;;;;;;;melibiose;68368;hydrogen sulfide;0;68368;;;tryptophan deaminase;-;68368;;;;
4951;DSM 5758, ATCC 25306, DSM 1470;Klebsiella;Klebsiella pneumoniae;62-1;0;;;;;;;;;;;;;;;sucrose;68368;;;;;;urease;-;68368;;;;
4951;DSM 5758, ATCC 25306, DSM 1470;Klebsiella;Klebsiella pneumoniae;62-1;0;;;;;;;;;;;;;;;L-rhamnose;68368;;;;;;ornithine decarboxylase;-;68368;;;;
4951;DSM 5758, ATCC 25306, DSM 1470;Klebsiella;Klebsiella pneumoniae;62-1;0;;;;;;;;;;;;;;;sorbitol;68368;;;;;;lysine decarboxylase;+;68368;;;;
4951;DSM 5758, ATCC 25306, DSM 1470;Klebsiella;Klebsiella pneumoniae;62-1;0;;;;;;;;;;;;;;;myo-inositol;68368;;;;;;arginine dihydrolase;-;68368;;;;
4951;DSM 5758, ATCC 25306, DSM 1470;Klebsiella;Klebsiella pneumoniae;62-1;0;;;;;;;;;;;;;;;D-mannitol;68368;;;;;;beta-galactosidase;+;68368;;;;
4951;DSM 5758, ATCC 25306, DSM 1470;Klebsiella;Klebsiella pneumoniae;62-1;0;;;;;;;;;;;;;;;D-glucose;68368;;;;;;;;;;;;
4951;DSM 5758, ATCC 25306, DSM 1470;Klebsiella;Klebsiella pneumoniae;62-1;0;;;;;;;;;;;;;;;gelatin;68368;;;;;;;;;;;;
4951;DSM 5758, ATCC 25306, DSM 1470;Klebsiella;Klebsiella pneumoniae;62-1;0;;;;;;;;;;;;;;;tryptophan;68368;;;;;;;;;;;;
4951;DSM 5758, ATCC 25306, DSM 1470;Klebsiella;Klebsiella pneumoniae;62-1;0;;;;;;;;;;;;;;;urea;68368;;;;;;;;;;;;
4951;DSM 5758, ATCC 25306, DSM 1470;Klebsiella;Klebsiella pneumoniae;62-1;0;;;;;;;;;;;;;;;citrate;68368;;;;;;;;;;;;
4951;DSM 5758, ATCC 25306, DSM 1470;Klebsiella;Klebsiella pneumoniae;62-1;0;;;;;;;;;;;;;;;ornithine;68368;;;;;;;;;;;;
4951;DSM 5758, ATCC 25306, DSM 1470;Klebsiella;Klebsiella pneumoniae;62-1;0;;;;;;;;;;;;;;;lysine;68368;;;;;;;;;;;;
4951;DSM 5758, ATCC 25306, DSM 1470;Klebsiella;Klebsiella pneumoniae;62-1;0;;;;;;;;;;;;;;;arginine;68368;;;;;;;;;;;;
138181;CIP 105166;Klebsiella;Klebsiella pneumoniae;;0;Klebsiella pneumoniae;20215;;;MEDIUM 3 - Columbia agar;39211;30;39211;;;;;;;;;;;;;;;;;;;;
4952;DSM 6135, WS 1758;Klebsiella;Klebsiella pneumoniae;;0;Klebsiella pneumoniae;20215;;;COLUMBIA BLOOD MEDIUM (DSMZ Medium 693);2501;30;2501;;;;;;;L-arabinose;68368;acetoin;1;68368;acetoin;68368;cytochrome oxidase;-;68368;;;;
4952;DSM 6135, WS 1758;Klebsiella;Klebsiella pneumoniae;;0;;;;;NUTRIENT AGAR (DSMZ Medium 1);2501;;;;;;;;;amygdalin;68368;indole;0;68368;indole;68368;gelatinase;-;68368;;;;
4952;DSM 6135, WS 1758;Klebsiella;Klebsiella pneumoniae;;0;;;;;;;;;;;;;;;melibiose;68368;hydrogen sulfide;0;68368;;;tryptophan deaminase;-;68368;;;;
4952;DSM 6135, WS 1758;Klebsiella;Klebsiella pneumoniae;;0;;;;;;;;;;;;;;;sucrose;68368;;;;;;ornithine decarboxylase;-;68368;;;;
4952;DSM 6135, WS 1758;Klebsiella;Klebsiella pneumoniae;;0;;;;;;;;;;;;;;;L-rhamnose;68368;;;;;;lysine decarboxylase;+;68368;;;;
4952;DSM 6135, WS 1758;Klebsiella;Klebsiella pneumoniae;;0;;;;;;;;;;;;;;;sorbitol;68368;;;;;;arginine dihydrolase;-;68368;;;;
4952;DSM 6135, WS 1758;Klebsiella;Klebsiella pneumoniae;;0;;;;;;;;;;;;;;;myo-inositol;68368;;;;;;beta-galactosidase;+;68368;;;;
4952;DSM 6135, WS 1758;Klebsiella;Klebsiella pneumoniae;;0;;;;;;;;;;;;;;;D-mannitol;68368;;;;;;;;;;;;
4952;DSM 6135, WS 1758;Klebsiella;Klebsiella pneumoniae;;0;;;;;;;;;;;;;;;D-glucose;68368;;;;;;;;;;;;
4952;DSM 6135, WS 1758;Klebsiella;Klebsiella pneumoniae;;0;;;;;;;;;;;;;;;gelatin;68368;;;;;;;;;;;;
4952;DSM 6135, WS 1758;Klebsiella;Klebsiella pneumoniae;;0;;;;;;;;;;;;;;;tryptophan;68368;;;;;;;;;;;;
4952;DSM 6135, WS 1758;Klebsiella;Klebsiella pneumoniae;;0;;;;;;;;;;;;;;;citrate;68368;;;;;;;;;;;;
4952;DSM 6135, WS 1758;Klebsiella;Klebsiella pneumoniae;;0;;;;;;;;;;;;;;;ornithine;68368;;;;;;;;;;;;
4952;DSM 6135, WS 1758;Klebsiella;Klebsiella pneumoniae;;0;;;;;;;;;;;;;;;lysine;68368;;;;;;;;;;;;
4952;DSM 6135, WS 1758;Klebsiella;Klebsiella pneumoniae;;0;;;;;;;;;;;;;;;arginine;68368;;;;;;;;;;;;
138440;CIP 52.145, NCTC 5055;Klebsiella;Klebsiella pneumoniae;;0;Klebsiella pneumoniae;20215;;;MEDIUM 3 - Columbia agar;39736;30;39736;;;;;;;;;;;;;;;;;;;GCA_900451665;66792
138440;CIP 52.145, NCTC 5055;Klebsiella;Klebsiella pneumoniae;;0;;;;;;;;;;;;;;;;;;;;;;;;;;;GCA_000412575;66792
138440;CIP 52.145, NCTC 5055;Klebsiella;Klebsiella pneumoniae;;0;;;;;;;;;;;;;;;;;;;;;;;;;;;573.1488;66792
138440;CIP 52.145, NCTC 5055;Klebsiella;Klebsiella pneumoniae;;0;;;;;;;;;;;;;;;;;;;;;;;;;;;573.20128;66792
138440;CIP 52.145, NCTC 5055;Klebsiella;Klebsiella pneumoniae;;0;;;;;;;;;;;;;;;;;;;;;;;;;;;2634166475;66792
4956;DSM 12082;Klebsiella;Klebsiella pneumoniae;GT1;0;Klebsiella pneumoniae;20215;;;NUTRIENT AGAR (DSMZ Medium 1);4599;30;4599;1,3 propanediol ;4599;;;;;L-arabinose;68368;acetoin;1;68368;acetoin;68368;cytochrome oxidase;-;68368;garden pond;4599;;
4956;DSM 12082;Klebsiella;Klebsiella pneumoniae;GT1;0;;;;;;;;;2,3 butanediol ;4599;;;;;amygdalin;68368;indole;0;68368;indole;68368;gelatinase;-;68368;;;;
4956;DSM 12082;Klebsiella;Klebsiella pneumoniae;GT1;0;;;;;;;;;;;;;;;melibiose;68368;hydrogen sulfide;0;68368;;;tryptophan deaminase;-;68368;;;;
4956;DSM 12082;Klebsiella;Klebsiella pneumoniae;GT1;0;;;;;;;;;;;;;;;sucrose;68368;;;;;;urease;-;68368;;;;
4956;DSM 12082;Klebsiella;Klebsiella pneumoniae;GT1;0;;;;;;;;;;;;;;;L-rhamnose;68368;;;;;;ornithine decarboxylase;-;68368;;;;
4956;DSM 12082;Klebsiella;Klebsiella pneumoniae;GT1;0;;;;;;;;;;;;;;;sorbitol;68368;;;;;;lysine decarboxylase;+;68368;;;;
4956;DSM 12082;Klebsiella;Klebsiella pneumoniae;GT1;0;;;;;;;;;;;;;;;myo-inositol;68368;;;;;;arginine dihydrolase;-;68368;;;;
4956;DSM 12082;Klebsiella;Klebsiella pneumoniae;GT1;0;;;;;;;;;;;;;;;D-mannitol;68368;;;;;;beta-galactosidase;+;68368;;;;
4956;DSM 12082;Klebsiella;Klebsiella pneumoniae;GT1;0;;;;;;;;;;;;;;;D-glucose;68368;;;;;;;;;;;;
4956;DSM 12082;Klebsiella;Klebsiella pneumoniae;GT1;0;;;;;;;;;;;;;;;gelatin;68368;;;;;;;;;;;;
4956;DSM 12082;Klebsiella;Klebsiella pneumoniae;GT1;0;;;;;;;;;;;;;;;tryptophan;68368;;;;;;;;;;;;
4956;DSM 12082;Klebsiella;Klebsiella pneumoniae;GT1;0;;;;;;;;;;;;;;;urea;68368;;;;;;;;;;;;
4956;DSM 12082;Klebsiella;Klebsiella pneumoniae;GT1;0;;;;;;;;;;;;;;;citrate;68368;;;;;;;;;;;;
4956;DSM 12082;Klebsiella;Klebsiella pneumoniae;GT1;0;;;;;;;;;;;;;;;ornithine;68368;;;;;;;;;;;;
4956;DSM 12082;Klebsiella;Klebsiella pneumoniae;GT1;0;;;;;;;;;;;;;;;lysine;68368;;;;;;;;;;;;
4956;DSM 12082;Klebsiella;Klebsiella pneumoniae;GT1;0;;;;;;;;;;;;;;;arginine;68368;;;;;;;;;;;;
138460;CIP 52.221;Klebsiella;Klebsiella pneumoniae;;0;Klebsiella pneumoniae;20215;;;MEDIUM 3 - Columbia agar;39800;30;39800;;;;;;;;;;;;;;;;;;;;
4957;DSM 16609;Klebsiella;Klebsiella pneumoniae;10-04-09, B02624;0;Klebsiella pneumoniae;20215;;;CASO AGAR (MERCK 105458) (DSMZ Medium 220);6519;37;6519;ß lactamase TEM 1 ;6519;;;;;L-arabinose;68368;acetoin;1;68368;acetoin;68368;cytochrome oxidase;-;68368;blood;6519;;
4957;DSM 16609;Klebsiella;Klebsiella pneumoniae;10-04-09, B02624;0;;;;;;;;;ß- lactamase SHV-5 ;6519;;;;;amygdalin;68368;indole;0;68368;indole;68368;gelatinase;-;68368;;;;
4957;DSM 16609;Klebsiella;Klebsiella pneumoniae;10-04-09, B02624;0;;;;;;;;;;;;;;;melibiose;68368;hydrogen sulfide;0;68368;;;tryptophan deaminase;-;68368;;;;
4957;DSM 16609;Klebsiella;Klebsiella pneumoniae;10-04-09, B02624;0;;;;;;;;;;;;;;;sucrose;68368;;;;;;ornithine decarboxylase;-;68368;;;;
4957;DSM 16609;Klebsiella;Klebsiella pneumoniae;10-04-09, B02624;0;;;;;;;;;;;;;;;L-rhamnose;68368;;;;;;lysine decarboxylase;+;68368;;;;
4957;DSM 16609;Klebsiella;Klebsiella pneumoniae;10-04-09, B02624;0;;;;;;;;;;;;;;;sorbitol;68368;;;;;;beta-galactosidase;+;68368;;;;
4957;DSM 16609;Klebsiella;Klebsiella pneumoniae;10-04-09, B02624;0;;;;;;;;;;;;;;;myo-inositol;68368;;;;;;;;;;;;
4957;DSM 16609;Klebsiella;Klebsiella pneumoniae;10-04-09, B02624;0;;;;;;;;;;;;;;;D-mannitol;68368;;;;;;;;;;;;
4957;DSM 16609;Klebsiella;Klebsiella pneumoniae;10-04-09, B02624;0;;;;;;;;;;;;;;;D-glucose;68368;;;;;;;;;;;;
4957;DSM 16609;Klebsiella;Klebsiella pneumoniae;10-04-09, B02624;0;;;;;;;;;;;;;;;gelatin;68368;;;;;;;;;;;;
4957;DSM 16609;Klebsiella;Klebsiella pneumoniae;10-04-09, B02624;0;;;;;;;;;;;;;;;tryptophan;68368;;;;;;;;;;;;
4957;DSM 16609;Klebsiella;Klebsiella pneumoniae;10-04-09, B02624;0;;;;;;;;;;;;;;;citrate;68368;;;;;;;;;;;;
4957;DSM 16609;Klebsiella;Klebsiella pneumoniae;10-04-09, B02624;0;;;;;;;;;;;;;;;ornithine;68368;;;;;;;;;;;;
4957;DSM 16609;Klebsiella;Klebsiella pneumoniae;10-04-09, B02624;0;;;;;;;;;;;;;;;lysine;68368;;;;;;;;;;;;
138488;CIP 53.27;Klebsiella;Klebsiella pneumoniae;;0;Klebsiella pneumoniae;20215;;;MEDIUM 3 - Columbia agar;39854;30;39854;;;;;;;;;;;;;;;;;;;;
4961;DSM 25721, NCCP 13840;Klebsiella;Klebsiella pneumoniae;;0;Klebsiella pneumoniae;20215;;;NUTRIENT AGAR (DSMZ Medium 1);18096;37;18096;extended spectrum ß-lactamase ESBL ;18096;;;;;L-arabinose;68368;acetoin;1;68368;acetoin;68368;cytochrome oxidase;-;68368;nasal aspirate;18096;;
4961;DSM 25721, NCCP 13840;Klebsiella;Klebsiella pneumoniae;;0;;;;;;;;;;;;;;;amygdalin;68368;indole;0;68368;indole;68368;gelatinase;-;68368;;;;
4961;DSM 25721, NCCP 13840;Klebsiella;Klebsiella pneumoniae;;0;;;;;;;;;;;;;;;melibiose;68368;hydrogen sulfide;0;68368;;;tryptophan deaminase;-;68368;;;;
4961;DSM 25721, NCCP 13840;Klebsiella;Klebsiella pneumoniae;;0;;;;;;;;;;;;;;;sucrose;68368;;;;;;urease;+;68368;;;;
4961;DSM 25721, NCCP 13840;Klebsiella;Klebsiella pneumoniae;;0;;;;;;;;;;;;;;;L-rhamnose;68368;;;;;;ornithine decarboxylase;-;68368;;;;
4961;DSM 25721, NCCP 13840;Klebsiella;Klebsiella pneumoniae;;0;;;;;;;;;;;;;;;sorbitol;68368;;;;;;lysine decarboxylase;+;68368;;;;
4961;DSM 25721, NCCP 13840;Klebsiella;Klebsiella pneumoniae;;0;;;;;;;;;;;;;;;myo-inositol;68368;;;;;;arginine dihydrolase;-;68368;;;;
4961;DSM 25721, NCCP 13840;Klebsiella;Klebsiella pneumoniae;;0;;;;;;;;;;;;;;;D-mannitol;68368;;;;;;beta-galactosidase;-;68368;;;;
4961;DSM 25721, NCCP 13840;Klebsiella;Klebsiella pneumoniae;;0;;;;;;;;;;;;;;;D-glucose;68368;;;;;;;;;;;;
4961;DSM 25721, NCCP 13840;Klebsiella;Klebsiella pneumoniae;;0;;;;;;;;;;;;;;;gelatin;68368;;;;;;;;;;;;
4961;DSM 25721, NCCP 13840;Klebsiella;Klebsiella pneumoniae;;0;;;;;;;;;;;;;;;tryptophan;68368;;;;;;;;;;;;
4961;DSM 25721, NCCP 13840;Klebsiella;Klebsiella pneumoniae;;0;;;;;;;;;;;;;;;urea;68368;;;;;;;;;;;;
4961;DSM 25721, NCCP 13840;Klebsiella;Klebsiella pneumoniae;;0;;;;;;;;;;;;;;;citrate;68368;;;;;;;;;;;;
4961;DSM 25721, NCCP 13840;Klebsiella;Klebsiella pneumoniae;;0;;;;;;;;;;;;;;;ornithine;68368;;;;;;;;;;;;
4961;DSM 25721, NCCP 13840;Klebsiella;Klebsiella pneumoniae;;0;;;;;;;;;;;;;;;lysine;68368;;;;;;;;;;;;
4961;DSM 25721, NCCP 13840;Klebsiella;Klebsiella pneumoniae;;0;;;;;;;;;;;;;;;arginine;68368;;;;;;;;;;;;
138507;CIP A215;Klebsiella;Klebsiella pneumoniae;;0;Klebsiella pneumoniae;20215;;;MEDIUM 3 - Columbia agar;39881;30;39881;;;;;;;;;;;;;;;;;;;;
4962;DSM 26371, ATCC 700603, CCUG 45421, LMG 20218;Klebsiella;Klebsiella pneumoniae;K6, MCV37;0;Klebsiella pneumoniae;20215;;;COLUMBIA BLOOD MEDIUM (DSMZ Medium 693);18197;30;18197;SHV-18 beta lactamase ;18197;;;;;sorbitol;68374;indole;0;68374;indole;68374;L-aspartate arylamidase;-;68374;urine of hospitalized patient;18197;GCA_003181175;66792
4962;DSM 26371, ATCC 700603, CCUG 45421, LMG 20218;Klebsiella;Klebsiella pneumoniae;K6, MCV37;0;;;;;NUTRIENT AGAR (DSMZ Medium 1);18197;30;41591;extended spectrum ß-lactamase ESBL ;18197;;;;;cellobiose;68374;acetoin;1;68368;acetoin;68368;alpha-maltosidase;-;68374;Human urine;56773;1463164.1;66792
4962;DSM 26371, ATCC 700603, CCUG 45421, LMG 20218;Klebsiella;Klebsiella pneumoniae;K6, MCV37;0;;;;;MEDIUM 72- for trypto casein soja agar;41591;;;;;;;;;myo-inositol;68374;indole;0;68368;indole;68368;alpha-galactosidase;+;68374;;;;
4962;DSM 26371, ATCC 700603, CCUG 45421, LMG 20218;Klebsiella;Klebsiella pneumoniae;K6, MCV37;0;;;;;TRYPTICASE SOY YEAST EXTRACT MEDIUM (DSMZ Medium 92);18197;;;;;;;;;L-rhamnose;68374;hydrogen sulfide;0;68368;;;alpha-glucosidase;-;68374;;;;
4962;DSM 26371, ATCC 700603, CCUG 45421, LMG 20218;Klebsiella;Klebsiella pneumoniae;K6, MCV37;0;;;;;;;;;;;;;;;trehalose;68374;;;;;;beta-galactosidase;+;68374;;;;
4962;DSM 26371, ATCC 700603, CCUG 45421, LMG 20218;Klebsiella;Klebsiella pneumoniae;K6, MCV37;0;;;;;;;;;;;;;;;D-arabitol;68374;;;;;;N-acetyl-beta-glucosaminidase;-;68374;;;;
4962;DSM 26371, ATCC 700603, CCUG 45421, LMG 20218;Klebsiella;Klebsiella pneumoniae;K6, MCV37;0;;;;;;;;;;;;;;;L-arabinose;68374;;;;;;beta-glucuronidase;-;68374;;;;
4962;DSM 26371, ATCC 700603, CCUG 45421, LMG 20218;Klebsiella;Klebsiella pneumoniae;K6, MCV37;0;;;;;;;;;;;;;;;sucrose;68374;;;;;;beta-glucosidase;+;68374;;;;
4962;DSM 26371, ATCC 700603, CCUG 45421, LMG 20218;Klebsiella;Klebsiella pneumoniae;K6, MCV37;0;;;;;;;;;;;;;;;D-glucose;68374;;;;;;lipase;-;68374;;;;
4962;DSM 26371, ATCC 700603, CCUG 45421, LMG 20218;Klebsiella;Klebsiella pneumoniae;K6, MCV37;0;;;;;;;;;;;;;;;tryptophan;68374;;;;;;urease;+;68374;;;;
4962;DSM 26371, ATCC 700603, CCUG 45421, LMG 20218;Klebsiella;Klebsiella pneumoniae;K6, MCV37;0;;;;;;;;;;;;;;;malonate;68374;;;;;;lysine decarboxylase;+;68374;;;;
4962;DSM 26371, ATCC 700603, CCUG 45421, LMG 20218;Klebsiella;Klebsiella pneumoniae;K6, MCV37;0;;;;;;;;;;;;;;;palatinose;68374;;;;;;arginine dihydrolase;-;68374;;;;
4962;DSM 26371, ATCC 700603, CCUG 45421, LMG 20218;Klebsiella;Klebsiella pneumoniae;K6, MCV37;0;;;;;;;;;;;;;;;ribitol;68374;;;;;;ornithine decarboxylase;-;68374;;;;
4962;DSM 26371, ATCC 700603, CCUG 45421, LMG 20218;Klebsiella;Klebsiella pneumoniae;K6, MCV37;0;;;;;;;;;;;;;;;maltose;68374;;;;;;gelatinase;-;68368;;;;
4962;DSM 26371, ATCC 700603, CCUG 45421, LMG 20218;Klebsiella;Klebsiella pneumoniae;K6, MCV37;0;;;;;;;;;;;;;;;D-mannitol;68374;;;;;;tryptophan deaminase;-;68368;;;;
4962;DSM 26371, ATCC 700603, CCUG 45421, LMG 20218;Klebsiella;Klebsiella pneumoniae;K6, MCV37;0;;;;;;;;;;;;;;;Potassium 5-ketogluconate;68374;;;;;;ornithine decarboxylase;-;68368;;;;
4962;DSM 26371, ATCC 700603, CCUG 45421, LMG 20218;Klebsiella;Klebsiella pneumoniae;K6, MCV37;0;;;;;;;;;;;;;;;D-galacturonic acid;68374;;;;;;arginine dihydrolase;-;68368;;;;
4962;DSM 26371, ATCC 700603, CCUG 45421, LMG 20218;Klebsiella;Klebsiella pneumoniae;K6, MCV37;0;;;;;;;;;;;;;;;L-arabitol;68374;;;;;;beta-galactosidase;+;68368;;;;
4962;DSM 26371, ATCC 700603, CCUG 45421, LMG 20218;Klebsiella;Klebsiella pneumoniae;K6, MCV37;0;;;;;;;;;;;;;;;urea;68374;;;;;;;;;;;;
4962;DSM 26371, ATCC 700603, CCUG 45421, LMG 20218;Klebsiella;Klebsiella pneumoniae;K6, MCV37;0;;;;;;;;;;;;;;;lysine;68374;;;;;;;;;;;;
4962;DSM 26371, ATCC 700603, CCUG 45421, LMG 20218;Klebsiella;Klebsiella pneumoniae;K6, MCV37;0;;;;;;;;;;;;;;;arginine;68374;;;;;;;;;;;;
4962;DSM 26371, ATCC 700603, CCUG 45421, LMG 20218;Klebsiella;Klebsiella pneumoniae;K6, MCV37;0;;;;;;;;;;;;;;;ornithine;68374;;;;;;;;;;;;
4962;DSM 26371, ATCC 700603, CCUG 45421, LMG 20218;Klebsiella;Klebsiella pneumoniae;K6, MCV37;0;;;;;;;;;;;;;;;L-arabinose;68368;;;;;;;;;;;;
4962;DSM 26371, ATCC 700603, CCUG 45421, LMG 20218;Klebsiella;Klebsiella pneumoniae;K6, MCV37;0;;;;;;;;;;;;;;;amygdalin;68368;;;;;;;;;;;;
4962;DSM 26371, ATCC 700603, CCUG 45421, LMG 20218;Klebsiella;Klebsiella pneumoniae;K6, MCV37;0;;;;;;;;;;;;;;;melibiose;68368;;;;;;;;;;;;
4962;DSM 26371, ATCC 700603, CCUG 45421, LMG 20218;Klebsiella;Klebsiella pneumoniae;K6, MCV37;0;;;;;;;;;;;;;;;sucrose;68368;;;;;;;;;;;;
4962;DSM 26371, ATCC 700603, CCUG 45421, LMG 20218;Klebsiella;Klebsiella pneumoniae;K6, MCV37;0;;;;;;;;;;;;;;;L-rhamnose;68368;;;;;;;;;;;;
4962;DSM 26371, ATCC 700603, CCUG 45421, LMG 20218;Klebsiella;Klebsiella pneumoniae;K6, MCV37;0;;;;;;;;;;;;;;;sorbitol;68368;;;;;;;;;;;;
4962;DSM 26371, ATCC 700603, CCUG 45421, LMG 20218;Klebsiella;Klebsiella pneumoniae;K6, MCV37;0;;;;;;;;;;;;;;;myo-inositol;68368;;;;;;;;;;;;
4962;DSM 26371, ATCC 700603, CCUG 45421, LMG 20218;Klebsiella;Klebsiella pneumoniae;K6, MCV37;0;;;;;;;;;;;;;;;D-mannitol;68368;;;;;;;;;;;;
4962;DSM 26371, ATCC 700603, CCUG 45421, LMG 20218;Klebsiella;Klebsiella pneumoniae;K6, MCV37;0;;;;;;;;;;;;;;;D-glucose;68368;;;;;;;;;;;;
4962;DSM 26371, ATCC 700603, CCUG 45421, LMG 20218;Klebsiella;Klebsiella pneumoniae;K6, MCV37;0;;;;;;;;;;;;;;;gelatin;68368;;;;;;;;;;;;
4962;DSM 26371, ATCC 700603, CCUG 45421, LMG 20218;Klebsiella;Klebsiella pneumoniae;K6, MCV37;0;;;;;;;;;;;;;;;tryptophan;68368;;;;;;;;;;;;
4962;DSM 26371, ATCC 700603, CCUG 45421, LMG 20218;Klebsiella;Klebsiella pneumoniae;K6, MCV37;0;;;;;;;;;;;;;;;citrate;68368;;;;;;;;;;;;
4962;DSM 26371, ATCC 700603, CCUG 45421, LMG 20218;Klebsiella;Klebsiella pneumoniae;K6, MCV37;0;;;;;;;;;;;;;;;ornithine;68368;;;;;;;;;;;;
4962;DSM 26371, ATCC 700603, CCUG 45421, LMG 20218;Klebsiella;Klebsiella pneumoniae;K6, MCV37;0;;;;;;;;;;;;;;;arginine;68368;;;;;;;;;;;;
138583;CIP 104039;Klebsiella;Klebsiella pneumoniae;;0;Klebsiella pneumoniae;20215;;;MEDIUM 72- for trypto casein soja agar;40149;30;40149;;;;;;;;;;;;;;;;;;40149;;
4964;DSM 15998;Klebsiella;Klebsiella pneumoniae;ASR1;0;Klebsiella pneumoniae;20215;;;CASO AGAR (MERCK 105458) (DSMZ Medium 220);6231;37;6231;phytase ;6231;;;;;;;;;;;;;;;soil from rice field;6231;;
138771;CIP 52.207;Klebsiella;Klebsiella pneumoniae;;0;Klebsiella pneumoniae;20215;;;MEDIUM 3 - Columbia agar;40520;30;40520;;;;;;;;;;;;;;;;;;;;
4968;DSM 681, ATCC 10031, NCIB 9111, NCTC 7427, CCUG 10785, NCDC 401-68, PCI 602;Klebsiella;Klebsiella pneumoniae;;0;Klebsiella pneumoniae;20215;;;COLUMBIA BLOOD MEDIUM (DSMZ Medium 693);357;37;357;D ribulokinase ;357;aerobe;45338;;;sorbitol;68374;indole;0;68374;indole;68374;L-aspartate arylamidase;-;68374;;;GCA_900451675;66792
4968;DSM 681, ATCC 10031, NCIB 9111, NCTC 7427, CCUG 10785, NCDC 401-68, PCI 602;Klebsiella;Klebsiella pneumoniae;;0;;;;;TRYPTICASE SOY BROTH AGAR (DSMZ Medium 535);357;30;37328;D-Ribulokinase;20216;;;;;cellobiose;68374;indole;0;68368;indole;68368;alpha-maltosidase;-;68374;;;573.20129;66792
4968;DSM 681, ATCC 10031, NCIB 9111, NCTC 7427, CCUG 10785, NCDC 401-68, PCI 602;Klebsiella;Klebsiella pneumoniae;;0;;;;;MEDIUM 3 - Columbia agar;37328;37;45338; quality control;20216;;;;;myo-inositol;68374;hydrogen sulfide;0;68368;;;alpha-galactosidase;+;68374;;;;
4968;DSM 681, ATCC 10031, NCIB 9111, NCTC 7427, CCUG 10785, NCDC 401-68, PCI 602;Klebsiella;Klebsiella pneumoniae;;0;;;;;;;;;;;;;;;L-rhamnose;68374;;;;;;alpha-glucosidase;-;68374;;;;
4968;DSM 681, ATCC 10031, NCIB 9111, NCTC 7427, CCUG 10785, NCDC 401-68, PCI 602;Klebsiella;Klebsiella pneumoniae;;0;;;;;;;;;;;;;;;trehalose;68374;;;;;;beta-galactosidase;+;68374;;;;
4968;DSM 681, ATCC 10031, NCIB 9111, NCTC 7427, CCUG 10785, NCDC 401-68, PCI 602;Klebsiella;Klebsiella pneumoniae;;0;;;;;;;;;;;;;;;D-arabitol;68374;;;;;;N-acetyl-beta-glucosaminidase;-;68374;;;;
4968;DSM 681, ATCC 10031, NCIB 9111, NCTC 7427, CCUG 10785, NCDC 401-68, PCI 602;Klebsiella;Klebsiella pneumoniae;;0;;;;;;;;;;;;;;;L-arabinose;68374;;;;;;beta-glucuronidase;-;68374;;;;
4968;DSM 681, ATCC 10031, NCIB 9111, NCTC 7427, CCUG 10785, NCDC 401-68, PCI 602;Klebsiella;Klebsiella pneumoniae;;0;;;;;;;;;;;;;;;sucrose;68374;;;;;;beta-glucosidase;+;68374;;;;
4968;DSM 681, ATCC 10031, NCIB 9111, NCTC 7427, CCUG 10785, NCDC 401-68, PCI 602;Klebsiella;Klebsiella pneumoniae;;0;;;;;;;;;;;;;;;D-glucose;68374;;;;;;lipase;-;68374;;;;
4968;DSM 681, ATCC 10031, NCIB 9111, NCTC 7427, CCUG 10785, NCDC 401-68, PCI 602;Klebsiella;Klebsiella pneumoniae;;0;;;;;;;;;;;;;;;tryptophan;68374;;;;;;urease;+;68374;;;;
4968;DSM 681, ATCC 10031, NCIB 9111, NCTC 7427, CCUG 10785, NCDC 401-68, PCI 602;Klebsiella;Klebsiella pneumoniae;;0;;;;;;;;;;;;;;;malonate;68374;;;;;;lysine decarboxylase;+;68374;;;;
4968;DSM 681, ATCC 10031, NCIB 9111, NCTC 7427, CCUG 10785, NCDC 401-68, PCI 602;Klebsiella;Klebsiella pneumoniae;;0;;;;;;;;;;;;;;;palatinose;68374;;;;;;arginine dihydrolase;-;68374;;;;
4968;DSM 681, ATCC 10031, NCIB 9111, NCTC 7427, CCUG 10785, NCDC 401-68, PCI 602;Klebsiella;Klebsiella pneumoniae;;0;;;;;;;;;;;;;;;ribitol;68374;;;;;;ornithine decarboxylase;-;68374;;;;
4968;DSM 681, ATCC 10031, NCIB 9111, NCTC 7427, CCUG 10785, NCDC 401-68, PCI 602;Klebsiella;Klebsiella pneumoniae;;0;;;;;;;;;;;;;;;maltose;68374;;;;;;cytochrome oxidase;-;68368;;;;
4968;DSM 681, ATCC 10031, NCIB 9111, NCTC 7427, CCUG 10785, NCDC 401-68, PCI 602;Klebsiella;Klebsiella pneumoniae;;0;;;;;;;;;;;;;;;D-mannitol;68374;;;;;;gelatinase;-;68368;;;;
4968;DSM 681, ATCC 10031, NCIB 9111, NCTC 7427, CCUG 10785, NCDC 401-68, PCI 602;Klebsiella;Klebsiella pneumoniae;;0;;;;;;;;;;;;;;;Potassium 5-ketogluconate;68374;;;;;;tryptophan deaminase;-;68368;;;;
4968;DSM 681, ATCC 10031, NCIB 9111, NCTC 7427, CCUG 10785, NCDC 401-68, PCI 602;Klebsiella;Klebsiella pneumoniae;;0;;;;;;;;;;;;;;;D-galacturonic acid;68374;;;;;;ornithine decarboxylase;-;68368;;;;
4968;DSM 681, ATCC 10031, NCIB 9111, NCTC 7427, CCUG 10785, NCDC 401-68, PCI 602;Klebsiella;Klebsiella pneumoniae;;0;;;;;;;;;;;;;;;L-arabitol;68374;;;;;;arginine dihydrolase;-;68368;;;;
4968;DSM 681, ATCC 10031, NCIB 9111, NCTC 7427, CCUG 10785, NCDC 401-68, PCI 602;Klebsiella;Klebsiella pneumoniae;;0;;;;;;;;;;;;;;;urea;68374;;;;;;beta-galactosidase;+;68368;;;;
4968;DSM 681, ATCC 10031, NCIB 9111, NCTC 7427, CCUG 10785, NCDC 401-68, PCI 602;Klebsiella;Klebsiella pneumoniae;;0;;;;;;;;;;;;;;;lysine;68374;;;;;;;;;;;;
4968;DSM 681, ATCC 10031, NCIB 9111, NCTC 7427, CCUG 10785, NCDC 401-68, PCI 602;Klebsiella;Klebsiella pneumoniae;;0;;;;;;;;;;;;;;;arginine;68374;;;;;;;;;;;;
4968;DSM 681, ATCC 10031, NCIB 9111, NCTC 7427, CCUG 10785, NCDC 401-68, PCI 602;Klebsiella;Klebsiella pneumoniae;;0;;;;;;;;;;;;;;;ornithine;68374;;;;;;;;;;;;
4968;DSM 681, ATCC 10031, NCIB 9111, NCTC 7427, CCUG 10785, NCDC 401-68, PCI 602;Klebsiella;Klebsiella pneumoniae;;0;;;;;;;;;;;;;;;L-arabinose;68368;;;;;;;;;;;;
4968;DSM 681, ATCC 10031, NCIB 9111, NCTC 7427, CCUG 10785, NCDC 401-68, PCI 602;Klebsiella;Klebsiella pneumoniae;;0;;;;;;;;;;;;;;;amygdalin;68368;;;;;;;;;;;;
4968;DSM 681, ATCC 10031, NCIB 9111, NCTC 7427, CCUG 10785, NCDC 401-68, PCI 602;Klebsiella;Klebsiella pneumoniae;;0;;;;;;;;;;;;;;;melibiose;68368;;;;;;;;;;;;
4968;DSM 681, ATCC 10031, NCIB 9111, NCTC 7427, CCUG 10785, NCDC 401-68, PCI 602;Klebsiella;Klebsiella pneumoniae;;0;;;;;;;;;;;;;;;sucrose;68368;;;;;;;;;;;;
4968;DSM 681, ATCC 10031, NCIB 9111, NCTC 7427, CCUG 10785, NCDC 401-68, PCI 602;Klebsiella;Klebsiella pneumoniae;;0;;;;;;;;;;;;;;;L-rhamnose;68368;;;;;;;;;;;;
4968;DSM 681, ATCC 10031, NCIB 9111, NCTC 7427, CCUG 10785, NCDC 401-68, PCI 602;Klebsiella;Klebsiella pneumoniae;;0;;;;;;;;;;;;;;;sorbitol;68368;;;;;;;;;;;;
4968;DSM 681, ATCC 10031, NCIB 9111, NCTC 7427, CCUG 10785, NCDC 401-68, PCI 602;Klebsiella;Klebsiella pneumoniae;;0;;;;;;;;;;;;;;;myo-inositol;68368;;;;;;;;;;;;
4968;DSM 681, ATCC 10031, NCIB 9111, NCTC 7427, CCUG 10785, NCDC 401-68, PCI 602;Klebsiella;Klebsiella pneumoniae;;0;;;;;;;;;;;;;;;D-mannitol;68368;;;;;;;;;;;;
4968;DSM 681, ATCC 10031, NCIB 9111, NCTC 7427, CCUG 10785, NCDC 401-68, PCI 602;Klebsiella;Klebsiella pneumoniae;;0;;;;;;;;;;;;;;;D-glucose;68368;;;;;;;;;;;;
4968;DSM 681, ATCC 10031, NCIB 9111, NCTC 7427, CCUG 10785, NCDC 401-68, PCI 602;Klebsiella;Klebsiella pneumoniae;;0;;;;;;;;;;;;;;;gelatin;68368;;;;;;;;;;;;
4968;DSM 681, ATCC 10031, NCIB 9111, NCTC 7427, CCUG 10785, NCDC 401-68, PCI 602;Klebsiella;Klebsiella pneumoniae;;0;;;;;;;;;;;;;;;tryptophan;68368;;;;;;;;;;;;
4968;DSM 681, ATCC 10031, NCIB 9111, NCTC 7427, CCUG 10785, NCDC 401-68, PCI 602;Klebsiella;Klebsiella pneumoniae;;0;;;;;;;;;;;;;;;ornithine;68368;;;;;;;;;;;;
4968;DSM 681, ATCC 10031, NCIB 9111, NCTC 7427, CCUG 10785, NCDC 401-68, PCI 602;Klebsiella;Klebsiella pneumoniae;;0;;;;;;;;;;;;;;;arginine;68368;;;;;;;;;;;;
138798;CIP 53.6;Klebsiella;Klebsiella pneumoniae;;0;Klebsiella pneumoniae;20215;;;MEDIUM 3 - Columbia agar;40694;30;40694;;;;;;;;;;;;;;;;;;;;
4969;CCUG 58866, DSM 789, ATCC 4352, NCIB 10341, WDCM 00192, JCM 20348, CIP 104216, IAM 12015, IFO 13277, NBRC 13277, NCIMB 10341;Klebsiella;Klebsiella pneumoniae;;0;Klebsiella pneumoniae;20215;;;COLUMBIA BLOOD MEDIUM (DSMZ Medium 693);447;37;447;;;aerobe;61767;;;sorbitol;68374;indole;0;68374;indole;68374;L-aspartate arylamidase;-;68374;cow's milk;447;GCA_010374885;66792
4969;CCUG 58866, DSM 789, ATCC 4352, NCIB 10341, WDCM 00192, JCM 20348, CIP 104216, IAM 12015, IFO 13277, NBRC 13277, NCIMB 10341;Klebsiella;Klebsiella pneumoniae;;0;;;;;NUTRIENT AGAR (DSMZ Medium 1);447;30;41831;;;;;;;cellobiose;68374;acetoin;0;68368;acetoin;68368;alpha-maltosidase;-;68374;Milk,cow;61767;573.30826;66792
4969;CCUG 58866, DSM 789, ATCC 4352, NCIB 10341, WDCM 00192, JCM 20348, CIP 104216, IAM 12015, IFO 13277, NBRC 13277, NCIMB 10341;Klebsiella;Klebsiella pneumoniae;;0;;;;;MEDIUM 3 - Columbia agar;41831;30;61767;;;;;;;myo-inositol;68374;indole;0;68368;indole;68368;alpha-galactosidase;+;68374;Cow's milk;67770;;
4969;CCUG 58866, DSM 789, ATCC 4352, NCIB 10341, WDCM 00192, JCM 20348, CIP 104216, IAM 12015, IFO 13277, NBRC 13277, NCIMB 10341;Klebsiella;Klebsiella pneumoniae;;0;;;;;TRYPTICASE SOY YEAST EXTRACT MEDIUM (DSMZ Medium 92);447;37;67770;;;;;;;L-rhamnose;68374;hydrogen sulfide;0;68368;;;alpha-glucosidase;-;68374;;;;
4969;CCUG 58866, DSM 789, ATCC 4352, NCIB 10341, WDCM 00192, JCM 20348, CIP 104216, IAM 12015, IFO 13277, NBRC 13277, NCIMB 10341;Klebsiella;Klebsiella pneumoniae;;0;;;;;;;;;;;;;;;trehalose;68374;;;;;;beta-galactosidase;+;68374;;;;
4969;CCUG 58866, DSM 789, ATCC 4352, NCIB 10341, WDCM 00192, JCM 20348, CIP 104216, IAM 12015, IFO 13277, NBRC 13277, NCIMB 10341;Klebsiella;Klebsiella pneumoniae;;0;;;;;;;;;;;;;;;D-arabitol;68374;;;;;;N-acetyl-beta-glucosaminidase;-;68374;;;;
4969;CCUG 58866, DSM 789, ATCC 4352, NCIB 10341, WDCM 00192, JCM 20348, CIP 104216, IAM 12015, IFO 13277, NBRC 13277, NCIMB 10341;Klebsiella;Klebsiella pneumoniae;;0;;;;;;;;;;;;;;;L-arabinose;68374;;;;;;beta-glucuronidase;-;68374;;;;
4969;CCUG 58866, DSM 789, ATCC 4352, NCIB 10341, WDCM 00192, JCM 20348, CIP 104216, IAM 12015, IFO 13277, NBRC 13277, NCIMB 10341;Klebsiella;Klebsiella pneumoniae;;0;;;;;;;;;;;;;;;sucrose;68374;;;;;;beta-glucosidase;+;68374;;;;
4969;CCUG 58866, DSM 789, ATCC 4352, NCIB 10341, WDCM 00192, JCM 20348, CIP 104216, IAM 12015, IFO 13277, NBRC 13277, NCIMB 10341;Klebsiella;Klebsiella pneumoniae;;0;;;;;;;;;;;;;;;D-glucose;68374;;;;;;lipase;-;68374;;;;
4969;CCUG 58866, DSM 789, ATCC 4352, NCIB 10341, WDCM 00192, JCM 20348, CIP 104216, IAM 12015, IFO 13277, NBRC 13277, NCIMB 10341;Klebsiella;Klebsiella pneumoniae;;0;;;;;;;;;;;;;;;tryptophan;68374;;;;;;urease;-;68374;;;;
4969;CCUG 58866, DSM 789, ATCC 4352, NCIB 10341, WDCM 00192, JCM 20348, CIP 104216, IAM 12015, IFO 13277, NBRC 13277, NCIMB 10341;Klebsiella;Klebsiella pneumoniae;;0;;;;;;;;;;;;;;;malonate;68374;;;;;;lysine decarboxylase;+;68374;;;;
4969;CCUG 58866, DSM 789, ATCC 4352, NCIB 10341, WDCM 00192, JCM 20348, CIP 104216, IAM 12015, IFO 13277, NBRC 13277, NCIMB 10341;Klebsiella;Klebsiella pneumoniae;;0;;;;;;;;;;;;;;;palatinose;68374;;;;;;arginine dihydrolase;-;68374;;;;
4969;CCUG 58866, DSM 789, ATCC 4352, NCIB 10341, WDCM 00192, JCM 20348, CIP 104216, IAM 12015, IFO 13277, NBRC 13277, NCIMB 10341;Klebsiella;Klebsiella pneumoniae;;0;;;;;;;;;;;;;;;ribitol;68374;;;;;;ornithine decarboxylase;-;68374;;;;
4969;CCUG 58866, DSM 789, ATCC 4352, NCIB 10341, WDCM 00192, JCM 20348, CIP 104216, IAM 12015, IFO 13277, NBRC 13277, NCIMB 10341;Klebsiella;Klebsiella pneumoniae;;0;;;;;;;;;;;;;;;maltose;68374;;;;;;cytochrome oxidase;-;68368;;;;
4969;CCUG 58866, DSM 789, ATCC 4352, NCIB 10341, WDCM 00192, JCM 20348, CIP 104216, IAM 12015, IFO 13277, NBRC 13277, NCIMB 10341;Klebsiella;Klebsiella pneumoniae;;0;;;;;;;;;;;;;;;D-mannitol;68374;;;;;;gelatinase;-;68368;;;;
4969;CCUG 58866, DSM 789, ATCC 4352, NCIB 10341, WDCM 00192, JCM 20348, CIP 104216, IAM 12015, IFO 13277, NBRC 13277, NCIMB 10341;Klebsiella;Klebsiella pneumoniae;;0;;;;;;;;;;;;;;;Potassium 5-ketogluconate;68374;;;;;;tryptophan deaminase;-;68368;;;;
4969;CCUG 58866, DSM 789, ATCC 4352, NCIB 10341, WDCM 00192, JCM 20348, CIP 104216, IAM 12015, IFO 13277, NBRC 13277, NCIMB 10341;Klebsiella;Klebsiella pneumoniae;;0;;;;;;;;;;;;;;;D-galacturonic acid;68374;;;;;;urease;+;68368;;;;
4969;CCUG 58866, DSM 789, ATCC 4352, NCIB 10341, WDCM 00192, JCM 20348, CIP 104216, IAM 12015, IFO 13277, NBRC 13277, NCIMB 10341;Klebsiella;Klebsiella pneumoniae;;0;;;;;;;;;;;;;;;L-arabitol;68374;;;;;;ornithine decarboxylase;-;68368;;;;
4969;CCUG 58866, DSM 789, ATCC 4352, NCIB 10341, WDCM 00192, JCM 20348, CIP 104216, IAM 12015, IFO 13277, NBRC 13277, NCIMB 10341;Klebsiella;Klebsiella pneumoniae;;0;;;;;;;;;;;;;;;urea;68374;;;;;;lysine decarboxylase;+;68368;;;;
4969;CCUG 58866, DSM 789, ATCC 4352, NCIB 10341, WDCM 00192, JCM 20348, CIP 104216, IAM 12015, IFO 13277, NBRC 13277, NCIMB 10341;Klebsiella;Klebsiella pneumoniae;;0;;;;;;;;;;;;;;;lysine;68374;;;;;;arginine dihydrolase;-;68368;;;;
4969;CCUG 58866, DSM 789, ATCC 4352, NCIB 10341, WDCM 00192, JCM 20348, CIP 104216, IAM 12015, IFO 13277, NBRC 13277, NCIMB 10341;Klebsiella;Klebsiella pneumoniae;;0;;;;;;;;;;;;;;;arginine;68374;;;;;;beta-galactosidase;+;68368;;;;
4969;CCUG 58866, DSM 789, ATCC 4352, NCIB 10341, WDCM 00192, JCM 20348, CIP 104216, IAM 12015, IFO 13277, NBRC 13277, NCIMB 10341;Klebsiella;Klebsiella pneumoniae;;0;;;;;;;;;;;;;;;ornithine;68374;;;;;;;;;;;;
4969;CCUG 58866, DSM 789, ATCC 4352, NCIB 10341, WDCM 00192, JCM 20348, CIP 104216, IAM 12015, IFO 13277, NBRC 13277, NCIMB 10341;Klebsiella;Klebsiella pneumoniae;;0;;;;;;;;;;;;;;;L-arabinose;68368;;;;;;;;;;;;
4969;CCUG 58866, DSM 789, ATCC 4352, NCIB 10341, WDCM 00192, JCM 20348, CIP 104216, IAM 12015, IFO 13277, NBRC 13277, NCIMB 10341;Klebsiella;Klebsiella pneumoniae;;0;;;;;;;;;;;;;;;amygdalin;68368;;;;;;;;;;;;
4969;CCUG 58866, DSM 789, ATCC 4352, NCIB 10341, WDCM 00192, JCM 20348, CIP 104216, IAM 12015, IFO 13277, NBRC 13277, NCIMB 10341;Klebsiella;Klebsiella pneumoniae;;0;;;;;;;;;;;;;;;melibiose;68368;;;;;;;;;;;;
4969;CCUG 58866, DSM 789, ATCC 4352, NCIB 10341, WDCM 00192, JCM 20348, CIP 104216, IAM 12015, IFO 13277, NBRC 13277, NCIMB 10341;Klebsiella;Klebsiella pneumoniae;;0;;;;;;;;;;;;;;;sucrose;68368;;;;;;;;;;;;
4969;CCUG 58866, DSM 789, ATCC 4352, NCIB 10341, WDCM 00192, JCM 20348, CIP 104216, IAM 12015, IFO 13277, NBRC 13277, NCIMB 10341;Klebsiella;Klebsiella pneumoniae;;0;;;;;;;;;;;;;;;L-rhamnose;68368;;;;;;;;;;;;
4969;CCUG 58866, DSM 789, ATCC 4352, NCIB 10341, WDCM 00192, JCM 20348, CIP 104216, IAM 12015, IFO 13277, NBRC 13277, NCIMB 10341;Klebsiella;Klebsiella pneumoniae;;0;;;;;;;;;;;;;;;sorbitol;68368;;;;;;;;;;;;
4969;CCUG 58866, DSM 789, ATCC 4352, NCIB 10341, WDCM 00192, JCM 20348, CIP 104216, IAM 12015, IFO 13277, NBRC 13277, NCIMB 10341;Klebsiella;Klebsiella pneumoniae;;0;;;;;;;;;;;;;;;myo-inositol;68368;;;;;;;;;;;;
4969;CCUG 58866, DSM 789, ATCC 4352, NCIB 10341, WDCM 00192, JCM 20348, CIP 104216, IAM 12015, IFO 13277, NBRC 13277, NCIMB 10341;Klebsiella;Klebsiella pneumoniae;;0;;;;;;;;;;;;;;;D-mannitol;68368;;;;;;;;;;;;
4969;CCUG 58866, DSM 789, ATCC 4352, NCIB 10341, WDCM 00192, JCM 20348, CIP 104216, IAM 12015, IFO 13277, NBRC 13277, NCIMB 10341;Klebsiella;Klebsiella pneumoniae;;0;;;;;;;;;;;;;;;D-glucose;68368;;;;;;;;;;;;
4969;CCUG 58866, DSM 789, ATCC 4352, NCIB 10341, WDCM 00192, JCM 20348, CIP 104216, IAM 12015, IFO 13277, NBRC 13277, NCIMB 10341;Klebsiella;Klebsiella pneumoniae;;0;;;;;;;;;;;;;;;gelatin;68368;;;;;;;;;;;;
4969;CCUG 58866, DSM 789, ATCC 4352, NCIB 10341, WDCM 00192, JCM 20348, CIP 104216, IAM 12015, IFO 13277, NBRC 13277, NCIMB 10341;Klebsiella;Klebsiella pneumoniae;;0;;;;;;;;;;;;;;;tryptophan;68368;;;;;;;;;;;;
4969;CCUG 58866, DSM 789, ATCC 4352, NCIB 10341, WDCM 00192, JCM 20348, CIP 104216, IAM 12015, IFO 13277, NBRC 13277, NCIMB 10341;Klebsiella;Klebsiella pneumoniae;;0;;;;;;;;;;;;;;;urea;68368;;;;;;;;;;;;
4969;CCUG 58866, DSM 789, ATCC 4352, NCIB 10341, WDCM 00192, JCM 20348, CIP 104216, IAM 12015, IFO 13277, NBRC 13277, NCIMB 10341;Klebsiella;Klebsiella pneumoniae;;0;;;;;;;;;;;;;;;ornithine;68368;;;;;;;;;;;;
4969;CCUG 58866, DSM 789, ATCC 4352, NCIB 10341, WDCM 00192, JCM 20348, CIP 104216, IAM 12015, IFO 13277, NBRC 13277, NCIMB 10341;Klebsiella;Klebsiella pneumoniae;;0;;;;;;;;;;;;;;;lysine;68368;;;;;;;;;;;;
4969;CCUG 58866, DSM 789, ATCC 4352, NCIB 10341, WDCM 00192, JCM 20348, CIP 104216, IAM 12015, IFO 13277, NBRC 13277, NCIMB 10341;Klebsiella;Klebsiella pneumoniae;;0;;;;;;;;;;;;;;;arginine;68368;;;;;;;;;;;;
138846;CIP 58.5;Klebsiella;Klebsiella pneumoniae;;0;Klebsiella pneumoniae;20215;;;MEDIUM 3 - Columbia agar;40817;30;40817;;;;;;;;;;;;;;;;;;;;
100251;;Klebsiella;Klebsiella pneumoniae;ST033303(HKI);0;Klebsiella pneumoniae;20215;;;;;;;;;;;;;;;;;;;;;;;;;;
139277;CIP 105858;Klebsiella;Klebsiella pneumoniae;;0;Klebsiella pneumoniae;20215;;;MEDIUM 3 - Columbia agar;41416;30;41416;;;;;;;;;;;;;;;;;;;;
131729;DSM 102039;Klebsiella;Klebsiella pneumoniae;T2-1-1;0;Klebsiella pneumoniae;20215;;;COLUMBIA BLOOD MEDIUM (DSMZ Medium 693);23525;28;23525;N acyl homoserine lactones ;23525;;;;;L-arabinose;68368;acetoin;1;68368;acetoin;68368;gelatinase;-;68368;tongue surface of healthy person;23525;;
131729;DSM 102039;Klebsiella;Klebsiella pneumoniae;T2-1-1;0;;;;;TRYPTICASE SOY YEAST EXTRACT MEDIUM (DSMZ Medium 92);23525;;;N octanoylhomoserine lactone ;23525;;;;;amygdalin;68368;indole;0;68368;indole;68368;tryptophan deaminase;-;68368;;;;
131729;DSM 102039;Klebsiella;Klebsiella pneumoniae;T2-1-1;0;;;;;;;;; N-3 dodecanoyl-L-homoserine lactone ;23525;;;;;melibiose;68368;hydrogen sulfide;0;68368;;;ornithine decarboxylase;-;68368;;;;
131729;DSM 102039;Klebsiella;Klebsiella pneumoniae;T2-1-1;0;;;;;;;;;;;;;;;sucrose;68368;;;;;;lysine decarboxylase;+;68368;;;;
131729;DSM 102039;Klebsiella;Klebsiella pneumoniae;T2-1-1;0;;;;;;;;;;;;;;;L-rhamnose;68368;;;;;;arginine dihydrolase;-;68368;;;;
131729;DSM 102039;Klebsiella;Klebsiella pneumoniae;T2-1-1;0;;;;;;;;;;;;;;;sorbitol;68368;;;;;;beta-galactosidase;+;68368;;;;
131729;DSM 102039;Klebsiella;Klebsiella pneumoniae;T2-1-1;0;;;;;;;;;;;;;;;myo-inositol;68368;;;;;;;;;;;;
131729;DSM 102039;Klebsiella;Klebsiella pneumoniae;T2-1-1;0;;;;;;;;;;;;;;;D-mannitol;68368;;;;;;;;;;;;
131729;DSM 102039;Klebsiella;Klebsiella pneumoniae;T2-1-1;0;;;;;;;;;;;;;;;D-glucose;68368;;;;;;;;;;;;
131729;DSM 102039;Klebsiella;Klebsiella pneumoniae;T2-1-1;0;;;;;;;;;;;;;;;gelatin;68368;;;;;;;;;;;;
131729;DSM 102039;Klebsiella;Klebsiella pneumoniae;T2-1-1;0;;;;;;;;;;;;;;;tryptophan;68368;;;;;;;;;;;;
131729;DSM 102039;Klebsiella;Klebsiella pneumoniae;T2-1-1;0;;;;;;;;;;;;;;;citrate;68368;;;;;;;;;;;;
131729;DSM 102039;Klebsiella;Klebsiella pneumoniae;T2-1-1;0;;;;;;;;;;;;;;;ornithine;68368;;;;;;;;;;;;
131729;DSM 102039;Klebsiella;Klebsiella pneumoniae;T2-1-1;0;;;;;;;;;;;;;;;lysine;68368;;;;;;;;;;;;
131729;DSM 102039;Klebsiella;Klebsiella pneumoniae;T2-1-1;0;;;;;;;;;;;;;;;arginine;68368;;;;;;;;;;;;
139285;CIP 105868;Klebsiella;Klebsiella pneumoniae;;0;Klebsiella pneumoniae;20215;;;MEDIUM 3 - Columbia agar;41424;30;41424;;;;;;;;;;;;;;;;;;;;
131730;DSM 102040;Klebsiella;Klebsiella pneumoniae;102027, T2-1-2;0;Klebsiella pneumoniae;20215;;;COLUMBIA BLOOD MEDIUM (DSMZ Medium 693);23526;28;23526;N acyl homoserine lactones ;23526;;;;;L-arabinose;68368;acetoin;1;68368;acetoin;68368;cytochrome oxidase;-;68368;tongue surface of healthy individual;23526;;
131730;DSM 102040;Klebsiella;Klebsiella pneumoniae;102027, T2-1-2;0;;;;;TRYPTICASE SOY BROTH AGAR (DSMZ Medium 535);23526;;; N-3 dodecanoyl-L-homoserine lactone ;23526;;;;;amygdalin;68368;indole;0;68368;indole;68368;gelatinase;-;68368;;;;
131730;DSM 102040;Klebsiella;Klebsiella pneumoniae;102027, T2-1-2;0;;;;;;;;;N octanoylhomoserine lactone ;23526;;;;;melibiose;68368;hydrogen sulfide;0;68368;;;tryptophan deaminase;-;68368;;;;
131730;DSM 102040;Klebsiella;Klebsiella pneumoniae;102027, T2-1-2;0;;;;;;;;;;;;;;;sucrose;68368;;;;;;ornithine decarboxylase;-;68368;;;;
131730;DSM 102040;Klebsiella;Klebsiella pneumoniae;102027, T2-1-2;0;;;;;;;;;;;;;;;L-rhamnose;68368;;;;;;lysine decarboxylase;+;68368;;;;
131730;DSM 102040;Klebsiella;Klebsiella pneumoniae;102027, T2-1-2;0;;;;;;;;;;;;;;;sorbitol;68368;;;;;;arginine dihydrolase;-;68368;;;;
131730;DSM 102040;Klebsiella;Klebsiella pneumoniae;102027, T2-1-2;0;;;;;;;;;;;;;;;myo-inositol;68368;;;;;;beta-galactosidase;+;68368;;;;
131730;DSM 102040;Klebsiella;Klebsiella pneumoniae;102027, T2-1-2;0;;;;;;;;;;;;;;;D-mannitol;68368;;;;;;;;;;;;
131730;DSM 102040;Klebsiella;Klebsiella pneumoniae;102027, T2-1-2;0;;;;;;;;;;;;;;;D-glucose;68368;;;;;;;;;;;;
131730;DSM 102040;Klebsiella;Klebsiella pneumoniae;102027, T2-1-2;0;;;;;;;;;;;;;;;gelatin;68368;;;;;;;;;;;;
131730;DSM 102040;Klebsiella;Klebsiella pneumoniae;102027, T2-1-2;0;;;;;;;;;;;;;;;tryptophan;68368;;;;;;;;;;;;
131730;DSM 102040;Klebsiella;Klebsiella pneumoniae;102027, T2-1-2;0;;;;;;;;;;;;;;;citrate;68368;;;;;;;;;;;;
131730;DSM 102040;Klebsiella;Klebsiella pneumoniae;102027, T2-1-2;0;;;;;;;;;;;;;;;ornithine;68368;;;;;;;;;;;;
131730;DSM 102040;Klebsiella;Klebsiella pneumoniae;102027, T2-1-2;0;;;;;;;;;;;;;;;lysine;68368;;;;;;;;;;;;
131730;DSM 102040;Klebsiella;Klebsiella pneumoniae;102027, T2-1-2;0;;;;;;;;;;;;;;;arginine;68368;;;;;;;;;;;;
139321;CIP 106231;Klebsiella;Klebsiella pneumoniae;;0;Klebsiella pneumoniae;20215;;;MEDIUM 72- for trypto casein soja agar;41462;30;41462;;;;;;;;;;;;;;;;;;;;
131731;DSM 103517;Klebsiella;Klebsiella pneumoniae;789;0;Klebsiella pneumoniae;20215;;;NUTRIENT AGAR (DSMZ Medium 1);23527;30;23527;;;;;;;nitrate;68368;dinitrogen;1;68368;acetoin;68368;gelatinase;-;68368;tracheobronchial sample;23527;;
131731;DSM 103517;Klebsiella;Klebsiella pneumoniae;789;0;;;;;;;;;;;;;;;L-arabinose;68368;nitrite;0;68368;;;tryptophan deaminase;-;68368;;;;
131731;DSM 103517;Klebsiella;Klebsiella pneumoniae;789;0;;;;;;;;;;;;;;;amygdalin;68368;acetoin;1;68368;;;urease;-;68368;;;;
131731;DSM 103517;Klebsiella;Klebsiella pneumoniae;789;0;;;;;;;;;;;;;;;melibiose;68368;hydrogen sulfide;0;68368;;;ornithine decarboxylase;-;68368;;;;
131731;DSM 103517;Klebsiella;Klebsiella pneumoniae;789;0;;;;;;;;;;;;;;;sucrose;68368;;;;;;lysine decarboxylase;+;68368;;;;
131731;DSM 103517;Klebsiella;Klebsiella pneumoniae;789;0;;;;;;;;;;;;;;;L-rhamnose;68368;;;;;;arginine dihydrolase;-;68368;;;;
131731;DSM 103517;Klebsiella;Klebsiella pneumoniae;789;0;;;;;;;;;;;;;;;sorbitol;68368;;;;;;;;;;;;
131731;DSM 103517;Klebsiella;Klebsiella pneumoniae;789;0;;;;;;;;;;;;;;;myo-inositol;68368;;;;;;;;;;;;
131731;DSM 103517;Klebsiella;Klebsiella pneumoniae;789;0;;;;;;;;;;;;;;;D-mannitol;68368;;;;;;;;;;;;
131731;DSM 103517;Klebsiella;Klebsiella pneumoniae;789;0;;;;;;;;;;;;;;;D-glucose;68368;;;;;;;;;;;;
131731;DSM 103517;Klebsiella;Klebsiella pneumoniae;789;0;;;;;;;;;;;;;;;gelatin;68368;;;;;;;;;;;;
131731;DSM 103517;Klebsiella;Klebsiella pneumoniae;789;0;;;;;;;;;;;;;;;urea;68368;;;;;;;;;;;;
131731;DSM 103517;Klebsiella;Klebsiella pneumoniae;789;0;;;;;;;;;;;;;;;ornithine;68368;;;;;;;;;;;;
131731;DSM 103517;Klebsiella;Klebsiella pneumoniae;789;0;;;;;;;;;;;;;;;lysine;68368;;;;;;;;;;;;
131731;DSM 103517;Klebsiella;Klebsiella pneumoniae;789;0;;;;;;;;;;;;;;;arginine;68368;;;;;;;;;;;;
139425;CIP 110652, KCTC 2242;Klebsiella;Klebsiella pneumoniae;;0;Klebsiella pneumoniae;20215;;;MEDIUM 72- for trypto casein soja agar;41592;37;41592;;;;;;;;;;;;;;;;;;41592;GCA_000220485;66792
139425;CIP 110652, KCTC 2242;Klebsiella;Klebsiella pneumoniae;;0;;;;;;;;;;;;;;;;;;;;;;;;;;;1049565.4;66792
139425;CIP 110652, KCTC 2242;Klebsiella;Klebsiella pneumoniae;;0;;;;;;;;;;;;;;;;;;;;;;;;;;;1049565.29;66792
139425;CIP 110652, KCTC 2242;Klebsiella;Klebsiella pneumoniae;;0;;;;;;;;;;;;;;;;;;;;;;;;;;;651053036;66792
131732;DSM 103518;Klebsiella;Klebsiella pneumoniae;769;0;Klebsiella pneumoniae;20215;;;NUTRIENT AGAR (DSMZ Medium 1);23528;30;23528;;;;;;;nitrate;68368;dinitrogen;0;68368;acetoin;68368;gelatinase;-;68368;blood and tracheobronchia;23528;;
131732;DSM 103518;Klebsiella;Klebsiella pneumoniae;769;0;;;;;;;;;;;;;;;L-arabinose;68368;nitrite;1;68368;indole;68368;tryptophan deaminase;-;68368;;;;
131732;DSM 103518;Klebsiella;Klebsiella pneumoniae;769;0;;;;;;;;;;;;;;;amygdalin;68368;acetoin;1;68368;;;urease;-;68368;;;;
131732;DSM 103518;Klebsiella;Klebsiella pneumoniae;769;0;;;;;;;;;;;;;;;melibiose;68368;indole;0;68368;;;ornithine decarboxylase;-;68368;;;;
131732;DSM 103518;Klebsiella;Klebsiella pneumoniae;769;0;;;;;;;;;;;;;;;sucrose;68368;hydrogen sulfide;0;68368;;;lysine decarboxylase;+;68368;;;;
131732;DSM 103518;Klebsiella;Klebsiella pneumoniae;769;0;;;;;;;;;;;;;;;L-rhamnose;68368;;;;;;arginine dihydrolase;-;68368;;;;
131732;DSM 103518;Klebsiella;Klebsiella pneumoniae;769;0;;;;;;;;;;;;;;;sorbitol;68368;;;;;;beta-galactosidase;+;68368;;;;
131732;DSM 103518;Klebsiella;Klebsiella pneumoniae;769;0;;;;;;;;;;;;;;;myo-inositol;68368;;;;;;;;;;;;
131732;DSM 103518;Klebsiella;Klebsiella pneumoniae;769;0;;;;;;;;;;;;;;;D-mannitol;68368;;;;;;;;;;;;
131732;DSM 103518;Klebsiella;Klebsiella pneumoniae;769;0;;;;;;;;;;;;;;;D-glucose;68368;;;;;;;;;;;;
131732;DSM 103518;Klebsiella;Klebsiella pneumoniae;769;0;;;;;;;;;;;;;;;gelatin;68368;;;;;;;;;;;;
131732;DSM 103518;Klebsiella;Klebsiella pneumoniae;769;0;;;;;;;;;;;;;;;tryptophan;68368;;;;;;;;;;;;
131732;DSM 103518;Klebsiella;Klebsiella pneumoniae;769;0;;;;;;;;;;;;;;;urea;68368;;;;;;;;;;;;
131732;DSM 103518;Klebsiella;Klebsiella pneumoniae;769;0;;;;;;;;;;;;;;;citrate;68368;;;;;;;;;;;;
131732;DSM 103518;Klebsiella;Klebsiella pneumoniae;769;0;;;;;;;;;;;;;;;ornithine;68368;;;;;;;;;;;;
131732;DSM 103518;Klebsiella;Klebsiella pneumoniae;769;0;;;;;;;;;;;;;;;lysine;68368;;;;;;;;;;;;
131732;DSM 103518;Klebsiella;Klebsiella pneumoniae;769;0;;;;;;;;;;;;;;;arginine;68368;;;;;;;;;;;;
139426;CIP 110798, NCTC 11228, ATCC 29665, CCUG 19208, CECT 140, CECT 997, CNCTC 6124;Klebsiella;Klebsiella pneumoniae;;0;Klebsiella pneumoniae;20215;;;MEDIUM 72- for trypto casein soja agar;41601;30;41601;;;aerobe;46983;;;sorbitol;68374;indole;0;68374;indole;68374;L-aspartate arylamidase;-;68374;Derived from ATCC 15380(NCTC 418);46983;GCA_900451865;66792
139426;CIP 110798, NCTC 11228, ATCC 29665, CCUG 19208, CECT 140, CECT 997, CNCTC 6124;Klebsiella;Klebsiella pneumoniae;;0;;;;;;;30;46983;;;;;;;cellobiose;68374;;;;;;alpha-maltosidase;-;68374;;;573.20149;66792
139426;CIP 110798, NCTC 11228, ATCC 29665, CCUG 19208, CECT 140, CECT 997, CNCTC 6124;Klebsiella;Klebsiella pneumoniae;;0;;;;;;;;;;;;;;;myo-inositol;68374;;;;;;alpha-galactosidase;+;68374;;;;
139426;CIP 110798, NCTC 11228, ATCC 29665, CCUG 19208, CECT 140, CECT 997, CNCTC 6124;Klebsiella;Klebsiella pneumoniae;;0;;;;;;;;;;;;;;;L-rhamnose;68374;;;;;;alpha-glucosidase;-;68374;;;;
139426;CIP 110798, NCTC 11228, ATCC 29665, CCUG 19208, CECT 140, CECT 997, CNCTC 6124;Klebsiella;Klebsiella pneumoniae;;0;;;;;;;;;;;;;;;trehalose;68374;;;;;;beta-galactosidase;+;68374;;;;
139426;CIP 110798, NCTC 11228, ATCC 29665, CCUG 19208, CECT 140, CECT 997, CNCTC 6124;Klebsiella;Klebsiella pneumoniae;;0;;;;;;;;;;;;;;;D-arabitol;68374;;;;;;N-acetyl-beta-glucosaminidase;-;68374;;;;
139426;CIP 110798, NCTC 11228, ATCC 29665, CCUG 19208, CECT 140, CECT 997, CNCTC 6124;Klebsiella;Klebsiella pneumoniae;;0;;;;;;;;;;;;;;;L-arabinose;68374;;;;;;beta-glucuronidase;-;68374;;;;
139426;CIP 110798, NCTC 11228, ATCC 29665, CCUG 19208, CECT 140, CECT 997, CNCTC 6124;Klebsiella;Klebsiella pneumoniae;;0;;;;;;;;;;;;;;;sucrose;68374;;;;;;beta-glucosidase;+;68374;;;;
139426;CIP 110798, NCTC 11228, ATCC 29665, CCUG 19208, CECT 140, CECT 997, CNCTC 6124;Klebsiella;Klebsiella pneumoniae;;0;;;;;;;;;;;;;;;D-glucose;68374;;;;;;lipase;-;68374;;;;
139426;CIP 110798, NCTC 11228, ATCC 29665, CCUG 19208, CECT 140, CECT 997, CNCTC 6124;Klebsiella;Klebsiella pneumoniae;;0;;;;;;;;;;;;;;;tryptophan;68374;;;;;;urease;+;68374;;;;
139426;CIP 110798, NCTC 11228, ATCC 29665, CCUG 19208, CECT 140, CECT 997, CNCTC 6124;Klebsiella;Klebsiella pneumoniae;;0;;;;;;;;;;;;;;;malonate;68374;;;;;;lysine decarboxylase;+;68374;;;;
139426;CIP 110798, NCTC 11228, ATCC 29665, CCUG 19208, CECT 140, CECT 997, CNCTC 6124;Klebsiella;Klebsiella pneumoniae;;0;;;;;;;;;;;;;;;palatinose;68374;;;;;;arginine dihydrolase;-;68374;;;;
139426;CIP 110798, NCTC 11228, ATCC 29665, CCUG 19208, CECT 140, CECT 997, CNCTC 6124;Klebsiella;Klebsiella pneumoniae;;0;;;;;;;;;;;;;;;ribitol;68374;;;;;;ornithine decarboxylase;-;68374;;;;
139426;CIP 110798, NCTC 11228, ATCC 29665, CCUG 19208, CECT 140, CECT 997, CNCTC 6124;Klebsiella;Klebsiella pneumoniae;;0;;;;;;;;;;;;;;;maltose;68374;;;;;;;;;;;;
139426;CIP 110798, NCTC 11228, ATCC 29665, CCUG 19208, CECT 140, CECT 997, CNCTC 6124;Klebsiella;Klebsiella pneumoniae;;0;;;;;;;;;;;;;;;D-mannitol;68374;;;;;;;;;;;;
139426;CIP 110798, NCTC 11228, ATCC 29665, CCUG 19208, CECT 140, CECT 997, CNCTC 6124;Klebsiella;Klebsiella pneumoniae;;0;;;;;;;;;;;;;;;Potassium 5-ketogluconate;68374;;;;;;;;;;;;
139426;CIP 110798, NCTC 11228, ATCC 29665, CCUG 19208, CECT 140, CECT 997, CNCTC 6124;Klebsiella;Klebsiella pneumoniae;;0;;;;;;;;;;;;;;;D-galacturonic acid;68374;;;;;;;;;;;;
139426;CIP 110798, NCTC 11228, ATCC 29665, CCUG 19208, CECT 140, CECT 997, CNCTC 6124;Klebsiella;Klebsiella pneumoniae;;0;;;;;;;;;;;;;;;L-arabitol;68374;;;;;;;;;;;;
139426;CIP 110798, NCTC 11228, ATCC 29665, CCUG 19208, CECT 140, CECT 997, CNCTC 6124;Klebsiella;Klebsiella pneumoniae;;0;;;;;;;;;;;;;;;urea;68374;;;;;;;;;;;;
139426;CIP 110798, NCTC 11228, ATCC 29665, CCUG 19208, CECT 140, CECT 997, CNCTC 6124;Klebsiella;Klebsiella pneumoniae;;0;;;;;;;;;;;;;;;lysine;68374;;;;;;;;;;;;
139426;CIP 110798, NCTC 11228, ATCC 29665, CCUG 19208, CECT 140, CECT 997, CNCTC 6124;Klebsiella;Klebsiella pneumoniae;;0;;;;;;;;;;;;;;;arginine;68374;;;;;;;;;;;;
139426;CIP 110798, NCTC 11228, ATCC 29665, CCUG 19208, CECT 140, CECT 997, CNCTC 6124;Klebsiella;Klebsiella pneumoniae;;0;;;;;;;;;;;;;;;ornithine;68374;;;;;;;;;;;;
132747;DSM 15563;Klebsiella;Klebsiella pneumoniae;pC1;0;Klebsiella pneumoniae;20215;;;NUTRIENT AGAR (DSMZ Medium 1);24537;37;24537;;;;;;;;;;;;;;;;;Miller's brans;24537;;
141748;CCUG 6006;Klebsiella;Klebsiella pneumoniae;;0;Klebsiella pneumoniae;20215;;;;;;;;;;;;;;;;;;;;;;;;;;
132748;DSM 15565;Klebsiella;Klebsiella pneumoniae;pC4;0;Klebsiella pneumoniae;20215;;;NUTRIENT AGAR (DSMZ Medium 1);24538;37;24538;;;;;;;;;;;;;;;;;Miller's brans;24538;;
141749;CCUG 6007;Klebsiella;Klebsiella pneumoniae;;0;Klebsiella pneumoniae;20215;;;;;;;;;;;;;;;;;;;;;;;;;;
134621;CIP 60.69, NCIMB 10197;Klebsiella;Klebsiella pneumoniae;;0;Klebsiella pneumoniae;20215;;;MEDIUM 3 - Columbia agar;33066;30;33066;;;;;;;;;;;;;;;;;;;;
142969;CCUG 15954;Klebsiella;Klebsiella pneumoniae;;0;Klebsiella pneumoniae;20215;;;;;;;;;;;;;;;;;;;;;;;;;;
135130;CIP 52.219;Klebsiella;Klebsiella pneumoniae;;0;Klebsiella pneumoniae;20215;;;MEDIUM 3 - Columbia agar;34072;30;34072;;;;;;;;;;;;;;;;;;;;
145009;CCUG 27395;Klebsiella;Klebsiella pneumoniae;;0;Klebsiella pneumoniae;20215;;;;;;;;;;;;;sorbitol;68374;indole;0;68374;indole;68374;L-aspartate arylamidase;+;68374;Human urine,26 yr-old man;48763;;
145009;CCUG 27395;Klebsiella;Klebsiella pneumoniae;;0;;;;;;;;;;;;;;;cellobiose;68374;;;;;;alpha-maltosidase;-;68374;;;;
145009;CCUG 27395;Klebsiella;Klebsiella pneumoniae;;0;;;;;;;;;;;;;;;myo-inositol;68374;;;;;;alpha-galactosidase;+;68374;;;;
145009;CCUG 27395;Klebsiella;Klebsiella pneumoniae;;0;;;;;;;;;;;;;;;L-rhamnose;68374;;;;;;alpha-glucosidase;-;68374;;;;
145009;CCUG 27395;Klebsiella;Klebsiella pneumoniae;;0;;;;;;;;;;;;;;;trehalose;68374;;;;;;beta-galactosidase;+;68374;;;;
145009;CCUG 27395;Klebsiella;Klebsiella pneumoniae;;0;;;;;;;;;;;;;;;D-arabitol;68374;;;;;;N-acetyl-beta-glucosaminidase;-;68374;;;;
145009;CCUG 27395;Klebsiella;Klebsiella pneumoniae;;0;;;;;;;;;;;;;;;L-arabinose;68374;;;;;;beta-glucuronidase;-;68374;;;;
145009;CCUG 27395;Klebsiella;Klebsiella pneumoniae;;0;;;;;;;;;;;;;;;sucrose;68374;;;;;;beta-glucosidase;+;68374;;;;
145009;CCUG 27395;Klebsiella;Klebsiella pneumoniae;;0;;;;;;;;;;;;;;;D-glucose;68374;;;;;;lipase;-;68374;;;;
145009;CCUG 27395;Klebsiella;Klebsiella pneumoniae;;0;;;;;;;;;;;;;;;tryptophan;68374;;;;;;urease;+;68374;;;;
145009;CCUG 27395;Klebsiella;Klebsiella pneumoniae;;0;;;;;;;;;;;;;;;malonate;68374;;;;;;lysine decarboxylase;+;68374;;;;
145009;CCUG 27395;Klebsiella;Klebsiella pneumoniae;;0;;;;;;;;;;;;;;;palatinose;68374;;;;;;arginine dihydrolase;-;68374;;;;
145009;CCUG 27395;Klebsiella;Klebsiella pneumoniae;;0;;;;;;;;;;;;;;;ribitol;68374;;;;;;ornithine decarboxylase;-;68374;;;;
145009;CCUG 27395;Klebsiella;Klebsiella pneumoniae;;0;;;;;;;;;;;;;;;maltose;68374;;;;;;;;;;;;
145009;CCUG 27395;Klebsiella;Klebsiella pneumoniae;;0;;;;;;;;;;;;;;;D-mannitol;68374;;;;;;;;;;;;
145009;CCUG 27395;Klebsiella;Klebsiella pneumoniae;;0;;;;;;;;;;;;;;;Potassium 5-ketogluconate;68374;;;;;;;;;;;;
145009;CCUG 27395;Klebsiella;Klebsiella pneumoniae;;0;;;;;;;;;;;;;;;D-galacturonic acid;68374;;;;;;;;;;;;
145009;CCUG 27395;Klebsiella;Klebsiella pneumoniae;;0;;;;;;;;;;;;;;;L-arabitol;68374;;;;;;;;;;;;
145009;CCUG 27395;Klebsiella;Klebsiella pneumoniae;;0;;;;;;;;;;;;;;;urea;68374;;;;;;;;;;;;
145009;CCUG 27395;Klebsiella;Klebsiella pneumoniae;;0;;;;;;;;;;;;;;;lysine;68374;;;;;;;;;;;;
145009;CCUG 27395;Klebsiella;Klebsiella pneumoniae;;0;;;;;;;;;;;;;;;arginine;68374;;;;;;;;;;;;
145009;CCUG 27395;Klebsiella;Klebsiella pneumoniae;;0;;;;;;;;;;;;;;;ornithine;68374;;;;;;;;;;;;
135924;CIP 106167;Klebsiella;Klebsiella pneumoniae;;0;Klebsiella pneumoniae;20215;;;MEDIUM 3 - Columbia agar;35200;30;35200;;;;;;;;;;;;;;;;;;;;
146278;CCUG 30779;Klebsiella;Klebsiella pneumoniae;;0;Klebsiella pneumoniae;20215;;;;;;;;;;;;;sorbitol;68374;indole;0;68374;indole;68374;L-aspartate arylamidase;-;68374;Human,81-yr-old woman,recurrent infections;50266;;
146278;CCUG 30779;Klebsiella;Klebsiella pneumoniae;;0;;;;;;;;;;;;;;;cellobiose;68374;;;;;;alpha-maltosidase;-;68374;;;;
146278;CCUG 30779;Klebsiella;Klebsiella pneumoniae;;0;;;;;;;;;;;;;;;myo-inositol;68374;;;;;;alpha-galactosidase;+;68374;;;;
146278;CCUG 30779;Klebsiella;Klebsiella pneumoniae;;0;;;;;;;;;;;;;;;L-rhamnose;68374;;;;;;alpha-glucosidase;-;68374;;;;
146278;CCUG 30779;Klebsiella;Klebsiella pneumoniae;;0;;;;;;;;;;;;;;;trehalose;68374;;;;;;beta-galactosidase;+;68374;;;;
146278;CCUG 30779;Klebsiella;Klebsiella pneumoniae;;0;;;;;;;;;;;;;;;D-arabitol;68374;;;;;;N-acetyl-beta-glucosaminidase;-;68374;;;;
146278;CCUG 30779;Klebsiella;Klebsiella pneumoniae;;0;;;;;;;;;;;;;;;L-arabinose;68374;;;;;;beta-glucuronidase;-;68374;;;;
146278;CCUG 30779;Klebsiella;Klebsiella pneumoniae;;0;;;;;;;;;;;;;;;sucrose;68374;;;;;;beta-glucosidase;+;68374;;;;
146278;CCUG 30779;Klebsiella;Klebsiella pneumoniae;;0;;;;;;;;;;;;;;;D-glucose;68374;;;;;;lipase;-;68374;;;;
146278;CCUG 30779;Klebsiella;Klebsiella pneumoniae;;0;;;;;;;;;;;;;;;tryptophan;68374;;;;;;urease;+;68374;;;;
146278;CCUG 30779;Klebsiella;Klebsiella pneumoniae;;0;;;;;;;;;;;;;;;malonate;68374;;;;;;lysine decarboxylase;+;68374;;;;
146278;CCUG 30779;Klebsiella;Klebsiella pneumoniae;;0;;;;;;;;;;;;;;;palatinose;68374;;;;;;arginine dihydrolase;-;68374;;;;
146278;CCUG 30779;Klebsiella;Klebsiella pneumoniae;;0;;;;;;;;;;;;;;;ribitol;68374;;;;;;ornithine decarboxylase;-;68374;;;;
146278;CCUG 30779;Klebsiella;Klebsiella pneumoniae;;0;;;;;;;;;;;;;;;maltose;68374;;;;;;;;;;;;
146278;CCUG 30779;Klebsiella;Klebsiella pneumoniae;;0;;;;;;;;;;;;;;;D-mannitol;68374;;;;;;;;;;;;
146278;CCUG 30779;Klebsiella;Klebsiella pneumoniae;;0;;;;;;;;;;;;;;;Potassium 5-ketogluconate;68374;;;;;;;;;;;;
146278;CCUG 30779;Klebsiella;Klebsiella pneumoniae;;0;;;;;;;;;;;;;;;D-galacturonic acid;68374;;;;;;;;;;;;
146278;CCUG 30779;Klebsiella;Klebsiella pneumoniae;;0;;;;;;;;;;;;;;;L-arabitol;68374;;;;;;;;;;;;
146278;CCUG 30779;Klebsiella;Klebsiella pneumoniae;;0;;;;;;;;;;;;;;;urea;68374;;;;;;;;;;;;
146278;CCUG 30779;Klebsiella;Klebsiella pneumoniae;;0;;;;;;;;;;;;;;;lysine;68374;;;;;;;;;;;;
146278;CCUG 30779;Klebsiella;Klebsiella pneumoniae;;0;;;;;;;;;;;;;;;arginine;68374;;;;;;;;;;;;
146278;CCUG 30779;Klebsiella;Klebsiella pneumoniae;;0;;;;;;;;;;;;;;;ornithine;68374;;;;;;;;;;;;
135990;CIP 52.199;Klebsiella;Klebsiella pneumoniae;;0;Klebsiella pneumoniae;20215;;;MEDIUM 3 - Columbia agar;35284;30;35284;;;;;;;;;;;;;;;;;;;;
146621;CCUG 31617, NCTC 7242;Klebsiella;Klebsiella pneumoniae;;0;Klebsiella pneumoniae;20215;;;;;;;;;;;;;sorbitol;68374;indole;0;68374;indole;68374;L-aspartate arylamidase;-;68374;;;GCA_901420785;66792
146621;CCUG 31617, NCTC 7242;Klebsiella;Klebsiella pneumoniae;;0;;;;;;;;;;;;;;;cellobiose;68374;acetoin;0;68368;acetoin;68368;alpha-maltosidase;-;68374;;;573.27587;66792
146621;CCUG 31617, NCTC 7242;Klebsiella;Klebsiella pneumoniae;;0;;;;;;;;;;;;;;;myo-inositol;68374;indole;0;68368;indole;68368;alpha-galactosidase;+;68374;;;;
146621;CCUG 31617, NCTC 7242;Klebsiella;Klebsiella pneumoniae;;0;;;;;;;;;;;;;;;L-rhamnose;68374;hydrogen sulfide;0;68368;;;alpha-glucosidase;-;68374;;;;
146621;CCUG 31617, NCTC 7242;Klebsiella;Klebsiella pneumoniae;;0;;;;;;;;;;;;;;;trehalose;68374;;;;;;beta-galactosidase;+;68374;;;;
146621;CCUG 31617, NCTC 7242;Klebsiella;Klebsiella pneumoniae;;0;;;;;;;;;;;;;;;D-arabitol;68374;;;;;;N-acetyl-beta-glucosaminidase;-;68374;;;;
146621;CCUG 31617, NCTC 7242;Klebsiella;Klebsiella pneumoniae;;0;;;;;;;;;;;;;;;L-arabinose;68374;;;;;;beta-glucuronidase;-;68374;;;;
146621;CCUG 31617, NCTC 7242;Klebsiella;Klebsiella pneumoniae;;0;;;;;;;;;;;;;;;sucrose;68374;;;;;;beta-glucosidase;+;68374;;;;
146621;CCUG 31617, NCTC 7242;Klebsiella;Klebsiella pneumoniae;;0;;;;;;;;;;;;;;;D-glucose;68374;;;;;;lipase;-;68374;;;;
146621;CCUG 31617, NCTC 7242;Klebsiella;Klebsiella pneumoniae;;0;;;;;;;;;;;;;;;tryptophan;68374;;;;;;urease;+;68374;;;;
146621;CCUG 31617, NCTC 7242;Klebsiella;Klebsiella pneumoniae;;0;;;;;;;;;;;;;;;malonate;68374;;;;;;lysine decarboxylase;+;68374;;;;
146621;CCUG 31617, NCTC 7242;Klebsiella;Klebsiella pneumoniae;;0;;;;;;;;;;;;;;;palatinose;68374;;;;;;arginine dihydrolase;-;68374;;;;
146621;CCUG 31617, NCTC 7242;Klebsiella;Klebsiella pneumoniae;;0;;;;;;;;;;;;;;;ribitol;68374;;;;;;ornithine decarboxylase;-;68374;;;;
146621;CCUG 31617, NCTC 7242;Klebsiella;Klebsiella pneumoniae;;0;;;;;;;;;;;;;;;maltose;68374;;;;;;cytochrome oxidase;-;68368;;;;
146621;CCUG 31617, NCTC 7242;Klebsiella;Klebsiella pneumoniae;;0;;;;;;;;;;;;;;;D-mannitol;68374;;;;;;gelatinase;-;68368;;;;
146621;CCUG 31617, NCTC 7242;Klebsiella;Klebsiella pneumoniae;;0;;;;;;;;;;;;;;;Potassium 5-ketogluconate;68374;;;;;;tryptophan deaminase;-;68368;;;;
146621;CCUG 31617, NCTC 7242;Klebsiella;Klebsiella pneumoniae;;0;;;;;;;;;;;;;;;D-galacturonic acid;68374;;;;;;urease;-;68368;;;;
146621;CCUG 31617, NCTC 7242;Klebsiella;Klebsiella pneumoniae;;0;;;;;;;;;;;;;;;L-arabitol;68374;;;;;;ornithine decarboxylase;-;68368;;;;
146621;CCUG 31617, NCTC 7242;Klebsiella;Klebsiella pneumoniae;;0;;;;;;;;;;;;;;;urea;68374;;;;;;lysine decarboxylase;+;68368;;;;
146621;CCUG 31617, NCTC 7242;Klebsiella;Klebsiella pneumoniae;;0;;;;;;;;;;;;;;;lysine;68374;;;;;;arginine dihydrolase;-;68368;;;;
146621;CCUG 31617, NCTC 7242;Klebsiella;Klebsiella pneumoniae;;0;;;;;;;;;;;;;;;arginine;68374;;;;;;beta-galactosidase;+;68368;;;;
146621;CCUG 31617, NCTC 7242;Klebsiella;Klebsiella pneumoniae;;0;;;;;;;;;;;;;;;ornithine;68374;;;;;;;;;;;;
146621;CCUG 31617, NCTC 7242;Klebsiella;Klebsiella pneumoniae;;0;;;;;;;;;;;;;;;L-arabinose;68368;;;;;;;;;;;;
146621;CCUG 31617, NCTC 7242;Klebsiella;Klebsiella pneumoniae;;0;;;;;;;;;;;;;;;amygdalin;68368;;;;;;;;;;;;
146621;CCUG 31617, NCTC 7242;Klebsiella;Klebsiella pneumoniae;;0;;;;;;;;;;;;;;;melibiose;68368;;;;;;;;;;;;
146621;CCUG 31617, NCTC 7242;Klebsiella;Klebsiella pneumoniae;;0;;;;;;;;;;;;;;;sucrose;68368;;;;;;;;;;;;
146621;CCUG 31617, NCTC 7242;Klebsiella;Klebsiella pneumoniae;;0;;;;;;;;;;;;;;;L-rhamnose;68368;;;;;;;;;;;;
146621;CCUG 31617, NCTC 7242;Klebsiella;Klebsiella pneumoniae;;0;;;;;;;;;;;;;;;sorbitol;68368;;;;;;;;;;;;
146621;CCUG 31617, NCTC 7242;Klebsiella;Klebsiella pneumoniae;;0;;;;;;;;;;;;;;;myo-inositol;68368;;;;;;;;;;;;
146621;CCUG 31617, NCTC 7242;Klebsiella;Klebsiella pneumoniae;;0;;;;;;;;;;;;;;;D-mannitol;68368;;;;;;;;;;;;
146621;CCUG 31617, NCTC 7242;Klebsiella;Klebsiella pneumoniae;;0;;;;;;;;;;;;;;;D-glucose;68368;;;;;;;;;;;;
146621;CCUG 31617, NCTC 7242;Klebsiella;Klebsiella pneumoniae;;0;;;;;;;;;;;;;;;gelatin;68368;;;;;;;;;;;;
146621;CCUG 31617, NCTC 7242;Klebsiella;Klebsiella pneumoniae;;0;;;;;;;;;;;;;;;tryptophan;68368;;;;;;;;;;;;
146621;CCUG 31617, NCTC 7242;Klebsiella;Klebsiella pneumoniae;;0;;;;;;;;;;;;;;;urea;68368;;;;;;;;;;;;
146621;CCUG 31617, NCTC 7242;Klebsiella;Klebsiella pneumoniae;;0;;;;;;;;;;;;;;;citrate;68368;;;;;;;;;;;;
146621;CCUG 31617, NCTC 7242;Klebsiella;Klebsiella pneumoniae;;0;;;;;;;;;;;;;;;ornithine;68368;;;;;;;;;;;;
146621;CCUG 31617, NCTC 7242;Klebsiella;Klebsiella pneumoniae;;0;;;;;;;;;;;;;;;lysine;68368;;;;;;;;;;;;
146621;CCUG 31617, NCTC 7242;Klebsiella;Klebsiella pneumoniae;;0;;;;;;;;;;;;;;;arginine;68368;;;;;;;;;;;;
136009;CIP 101114;Klebsiella;Klebsiella pneumoniae;;0;Klebsiella pneumoniae;20215;;;MEDIUM 3 - Columbia agar;35306;30;35306;;;;;;;;;;;;;;;;;;35306;;
148038;CCUG 34718;Klebsiella;Klebsiella pneumoniae;;0;Klebsiella pneumoniae;20215;;;;;;;;;;;;;sorbitol;68374;indole;0;68374;indole;68374;L-aspartate arylamidase;-;68374;Human cerebrospinal fluid;52276;;
148038;CCUG 34718;Klebsiella;Klebsiella pneumoniae;;0;;;;;;;;;;;;;;;cellobiose;68374;;;;;;alpha-maltosidase;-;68374;;;;
148038;CCUG 34718;Klebsiella;Klebsiella pneumoniae;;0;;;;;;;;;;;;;;;myo-inositol;68374;;;;;;alpha-galactosidase;+;68374;;;;
148038;CCUG 34718;Klebsiella;Klebsiella pneumoniae;;0;;;;;;;;;;;;;;;L-rhamnose;68374;;;;;;alpha-glucosidase;+;68374;;;;
148038;CCUG 34718;Klebsiella;Klebsiella pneumoniae;;0;;;;;;;;;;;;;;;trehalose;68374;;;;;;beta-galactosidase;+;68374;;;;
148038;CCUG 34718;Klebsiella;Klebsiella pneumoniae;;0;;;;;;;;;;;;;;;D-arabitol;68374;;;;;;N-acetyl-beta-glucosaminidase;-;68374;;;;
148038;CCUG 34718;Klebsiella;Klebsiella pneumoniae;;0;;;;;;;;;;;;;;;L-arabinose;68374;;;;;;beta-glucuronidase;-;68374;;;;
148038;CCUG 34718;Klebsiella;Klebsiella pneumoniae;;0;;;;;;;;;;;;;;;sucrose;68374;;;;;;beta-glucosidase;+;68374;;;;
148038;CCUG 34718;Klebsiella;Klebsiella pneumoniae;;0;;;;;;;;;;;;;;;D-glucose;68374;;;;;;lipase;-;68374;;;;
148038;CCUG 34718;Klebsiella;Klebsiella pneumoniae;;0;;;;;;;;;;;;;;;tryptophan;68374;;;;;;urease;+;68374;;;;
148038;CCUG 34718;Klebsiella;Klebsiella pneumoniae;;0;;;;;;;;;;;;;;;malonate;68374;;;;;;lysine decarboxylase;+;68374;;;;
148038;CCUG 34718;Klebsiella;Klebsiella pneumoniae;;0;;;;;;;;;;;;;;;palatinose;68374;;;;;;arginine dihydrolase;-;68374;;;;
148038;CCUG 34718;Klebsiella;Klebsiella pneumoniae;;0;;;;;;;;;;;;;;;ribitol;68374;;;;;;ornithine decarboxylase;-;68374;;;;
148038;CCUG 34718;Klebsiella;Klebsiella pneumoniae;;0;;;;;;;;;;;;;;;maltose;68374;;;;;;;;;;;;
148038;CCUG 34718;Klebsiella;Klebsiella pneumoniae;;0;;;;;;;;;;;;;;;D-mannitol;68374;;;;;;;;;;;;
148038;CCUG 34718;Klebsiella;Klebsiella pneumoniae;;0;;;;;;;;;;;;;;;Potassium 5-ketogluconate;68374;;;;;;;;;;;;
148038;CCUG 34718;Klebsiella;Klebsiella pneumoniae;;0;;;;;;;;;;;;;;;D-galacturonic acid;68374;;;;;;;;;;;;
148038;CCUG 34718;Klebsiella;Klebsiella pneumoniae;;0;;;;;;;;;;;;;;;L-arabitol;68374;;;;;;;;;;;;
148038;CCUG 34718;Klebsiella;Klebsiella pneumoniae;;0;;;;;;;;;;;;;;;urea;68374;;;;;;;;;;;;
148038;CCUG 34718;Klebsiella;Klebsiella pneumoniae;;0;;;;;;;;;;;;;;;lysine;68374;;;;;;;;;;;;
148038;CCUG 34718;Klebsiella;Klebsiella pneumoniae;;0;;;;;;;;;;;;;;;arginine;68374;;;;;;;;;;;;
148038;CCUG 34718;Klebsiella;Klebsiella pneumoniae;;0;;;;;;;;;;;;;;;ornithine;68374;;;;;;;;;;;;
136158;CIP 52.201;Klebsiella;Klebsiella pneumoniae;;0;Klebsiella pneumoniae;20215;;;MEDIUM 3 - Columbia agar;35474;30;35474;;;;;;;;;;;;;;;;;;;;
148516;CCUG 35581;Klebsiella;Klebsiella pneumoniae;;0;Klebsiella pneumoniae;20215;;;;;;;;;;;;;sorbitol;68374;indole;0;68374;indole;68374;L-aspartate arylamidase;-;68374;Human blood,cholangitis;52834;;
148516;CCUG 35581;Klebsiella;Klebsiella pneumoniae;;0;;;;;;;;;;;;;;;cellobiose;68374;;;;;;alpha-maltosidase;+;68374;;;;
148516;CCUG 35581;Klebsiella;Klebsiella pneumoniae;;0;;;;;;;;;;;;;;;myo-inositol;68374;;;;;;alpha-galactosidase;+;68374;;;;
148516;CCUG 35581;Klebsiella;Klebsiella pneumoniae;;0;;;;;;;;;;;;;;;L-rhamnose;68374;;;;;;alpha-glucosidase;-;68374;;;;
148516;CCUG 35581;Klebsiella;Klebsiella pneumoniae;;0;;;;;;;;;;;;;;;trehalose;68374;;;;;;beta-galactosidase;+;68374;;;;
148516;CCUG 35581;Klebsiella;Klebsiella pneumoniae;;0;;;;;;;;;;;;;;;D-arabitol;68374;;;;;;N-acetyl-beta-glucosaminidase;-;68374;;;;
148516;CCUG 35581;Klebsiella;Klebsiella pneumoniae;;0;;;;;;;;;;;;;;;L-arabinose;68374;;;;;;beta-glucuronidase;-;68374;;;;
148516;CCUG 35581;Klebsiella;Klebsiella pneumoniae;;0;;;;;;;;;;;;;;;sucrose;68374;;;;;;beta-glucosidase;+;68374;;;;
148516;CCUG 35581;Klebsiella;Klebsiella pneumoniae;;0;;;;;;;;;;;;;;;D-glucose;68374;;;;;;lipase;-;68374;;;;
148516;CCUG 35581;Klebsiella;Klebsiella pneumoniae;;0;;;;;;;;;;;;;;;tryptophan;68374;;;;;;urease;-;68374;;;;
148516;CCUG 35581;Klebsiella;Klebsiella pneumoniae;;0;;;;;;;;;;;;;;;malonate;68374;;;;;;lysine decarboxylase;+;68374;;;;
148516;CCUG 35581;Klebsiella;Klebsiella pneumoniae;;0;;;;;;;;;;;;;;;palatinose;68374;;;;;;arginine dihydrolase;-;68374;;;;
148516;CCUG 35581;Klebsiella;Klebsiella pneumoniae;;0;;;;;;;;;;;;;;;ribitol;68374;;;;;;ornithine decarboxylase;-;68374;;;;
148516;CCUG 35581;Klebsiella;Klebsiella pneumoniae;;0;;;;;;;;;;;;;;;maltose;68374;;;;;;;;;;;;
148516;CCUG 35581;Klebsiella;Klebsiella pneumoniae;;0;;;;;;;;;;;;;;;D-mannitol;68374;;;;;;;;;;;;
148516;CCUG 35581;Klebsiella;Klebsiella pneumoniae;;0;;;;;;;;;;;;;;;Potassium 5-ketogluconate;68374;;;;;;;;;;;;
148516;CCUG 35581;Klebsiella;Klebsiella pneumoniae;;0;;;;;;;;;;;;;;;D-galacturonic acid;68374;;;;;;;;;;;;
148516;CCUG 35581;Klebsiella;Klebsiella pneumoniae;;0;;;;;;;;;;;;;;;L-arabitol;68374;;;;;;;;;;;;
148516;CCUG 35581;Klebsiella;Klebsiella pneumoniae;;0;;;;;;;;;;;;;;;urea;68374;;;;;;;;;;;;
148516;CCUG 35581;Klebsiella;Klebsiella pneumoniae;;0;;;;;;;;;;;;;;;lysine;68374;;;;;;;;;;;;
148516;CCUG 35581;Klebsiella;Klebsiella pneumoniae;;0;;;;;;;;;;;;;;;arginine;68374;;;;;;;;;;;;
148516;CCUG 35581;Klebsiella;Klebsiella pneumoniae;;0;;;;;;;;;;;;;;;ornithine;68374;;;;;;;;;;;;
136161;CIP 52.204, ATCC 7380;Klebsiella;Klebsiella pneumoniae;;0;Klebsiella pneumoniae;20215;;;MEDIUM 3 - Columbia agar;35477;30;35477;;;;;;;;;;;;;;;;;;;;
148980;CCUG 36675;Klebsiella;Klebsiella pneumoniae;;0;Klebsiella pneumoniae;20215;;;;;;;;;;;;;;;;;;;;;;;Human urine;53315;;
136163;CIP 52.205, NCTC 4140;Klebsiella;Klebsiella pneumoniae;;0;Klebsiella pneumoniae;20215;;;MEDIUM 3 - Columbia agar;35479;30;35479;;;;;;;;;;;;;;;;;;;;
149272;CCUG 37387;Klebsiella;Klebsiella pneumoniae;;0;Klebsiella pneumoniae;20215;;;;;;;;;;;;;sorbitol;68374;indole;0;68374;indole;68374;L-aspartate arylamidase;-;68374;Human wound;53641;;
149272;CCUG 37387;Klebsiella;Klebsiella pneumoniae;;0;;;;;;;;;;;;;;;cellobiose;68374;;;;;;alpha-maltosidase;-;68374;;;;
149272;CCUG 37387;Klebsiella;Klebsiella pneumoniae;;0;;;;;;;;;;;;;;;myo-inositol;68374;;;;;;alpha-galactosidase;+;68374;;;;
149272;CCUG 37387;Klebsiella;Klebsiella pneumoniae;;0;;;;;;;;;;;;;;;L-rhamnose;68374;;;;;;alpha-glucosidase;-;68374;;;;
149272;CCUG 37387;Klebsiella;Klebsiella pneumoniae;;0;;;;;;;;;;;;;;;trehalose;68374;;;;;;beta-galactosidase;+;68374;;;;
149272;CCUG 37387;Klebsiella;Klebsiella pneumoniae;;0;;;;;;;;;;;;;;;D-arabitol;68374;;;;;;N-acetyl-beta-glucosaminidase;+;68374;;;;
149272;CCUG 37387;Klebsiella;Klebsiella pneumoniae;;0;;;;;;;;;;;;;;;L-arabinose;68374;;;;;;beta-glucuronidase;-;68374;;;;
149272;CCUG 37387;Klebsiella;Klebsiella pneumoniae;;0;;;;;;;;;;;;;;;sucrose;68374;;;;;;beta-glucosidase;+;68374;;;;
149272;CCUG 37387;Klebsiella;Klebsiella pneumoniae;;0;;;;;;;;;;;;;;;D-glucose;68374;;;;;;lipase;-;68374;;;;
149272;CCUG 37387;Klebsiella;Klebsiella pneumoniae;;0;;;;;;;;;;;;;;;tryptophan;68374;;;;;;urease;-;68374;;;;
149272;CCUG 37387;Klebsiella;Klebsiella pneumoniae;;0;;;;;;;;;;;;;;;malonate;68374;;;;;;lysine decarboxylase;+;68374;;;;
149272;CCUG 37387;Klebsiella;Klebsiella pneumoniae;;0;;;;;;;;;;;;;;;palatinose;68374;;;;;;arginine dihydrolase;-;68374;;;;
149272;CCUG 37387;Klebsiella;Klebsiella pneumoniae;;0;;;;;;;;;;;;;;;ribitol;68374;;;;;;ornithine decarboxylase;-;68374;;;;
149272;CCUG 37387;Klebsiella;Klebsiella pneumoniae;;0;;;;;;;;;;;;;;;maltose;68374;;;;;;;;;;;;
149272;CCUG 37387;Klebsiella;Klebsiella pneumoniae;;0;;;;;;;;;;;;;;;D-mannitol;68374;;;;;;;;;;;;
149272;CCUG 37387;Klebsiella;Klebsiella pneumoniae;;0;;;;;;;;;;;;;;;Potassium 5-ketogluconate;68374;;;;;;;;;;;;
149272;CCUG 37387;Klebsiella;Klebsiella pneumoniae;;0;;;;;;;;;;;;;;;D-galacturonic acid;68374;;;;;;;;;;;;
149272;CCUG 37387;Klebsiella;Klebsiella pneumoniae;;0;;;;;;;;;;;;;;;L-arabitol;68374;;;;;;;;;;;;
149272;CCUG 37387;Klebsiella;Klebsiella pneumoniae;;0;;;;;;;;;;;;;;;urea;68374;;;;;;;;;;;;
149272;CCUG 37387;Klebsiella;Klebsiella pneumoniae;;0;;;;;;;;;;;;;;;lysine;68374;;;;;;;;;;;;
149272;CCUG 37387;Klebsiella;Klebsiella pneumoniae;;0;;;;;;;;;;;;;;;arginine;68374;;;;;;;;;;;;
149272;CCUG 37387;Klebsiella;Klebsiella pneumoniae;;0;;;;;;;;;;;;;;;ornithine;68374;;;;;;;;;;;;
136165;CIP 52.206;Klebsiella;Klebsiella pneumoniae;;0;Klebsiella pneumoniae;20215;;;MEDIUM 3 - Columbia agar;35481;30;35481;;;;;;;;;;;;;;;;;;;;
149273;CCUG 37388;Klebsiella;Klebsiella pneumoniae;;0;Klebsiella pneumoniae;20215;;;;;;;;;;;;;sorbitol;68374;indole;0;68374;indole;68374;L-aspartate arylamidase;-;68374;Human urine;53642;;
149273;CCUG 37388;Klebsiella;Klebsiella pneumoniae;;0;;;;;;;;;;;;;;;cellobiose;68374;;;;;;alpha-maltosidase;-;68374;;;;
149273;CCUG 37388;Klebsiella;Klebsiella pneumoniae;;0;;;;;;;;;;;;;;;myo-inositol;68374;;;;;;alpha-galactosidase;+;68374;;;;
149273;CCUG 37388;Klebsiella;Klebsiella pneumoniae;;0;;;;;;;;;;;;;;;L-rhamnose;68374;;;;;;alpha-glucosidase;-;68374;;;;
149273;CCUG 37388;Klebsiella;Klebsiella pneumoniae;;0;;;;;;;;;;;;;;;trehalose;68374;;;;;;beta-galactosidase;+;68374;;;;
149273;CCUG 37388;Klebsiella;Klebsiella pneumoniae;;0;;;;;;;;;;;;;;;D-arabitol;68374;;;;;;N-acetyl-beta-glucosaminidase;-;68374;;;;
149273;CCUG 37388;Klebsiella;Klebsiella pneumoniae;;0;;;;;;;;;;;;;;;L-arabinose;68374;;;;;;beta-glucuronidase;-;68374;;;;
149273;CCUG 37388;Klebsiella;Klebsiella pneumoniae;;0;;;;;;;;;;;;;;;sucrose;68374;;;;;;beta-glucosidase;+;68374;;;;
149273;CCUG 37388;Klebsiella;Klebsiella pneumoniae;;0;;;;;;;;;;;;;;;D-glucose;68374;;;;;;lipase;-;68374;;;;
149273;CCUG 37388;Klebsiella;Klebsiella pneumoniae;;0;;;;;;;;;;;;;;;tryptophan;68374;;;;;;urease;+;68374;;;;
149273;CCUG 37388;Klebsiella;Klebsiella pneumoniae;;0;;;;;;;;;;;;;;;malonate;68374;;;;;;lysine decarboxylase;+;68374;;;;
149273;CCUG 37388;Klebsiella;Klebsiella pneumoniae;;0;;;;;;;;;;;;;;;palatinose;68374;;;;;;arginine dihydrolase;-;68374;;;;
149273;CCUG 37388;Klebsiella;Klebsiella pneumoniae;;0;;;;;;;;;;;;;;;ribitol;68374;;;;;;ornithine decarboxylase;-;68374;;;;
149273;CCUG 37388;Klebsiella;Klebsiella pneumoniae;;0;;;;;;;;;;;;;;;maltose;68374;;;;;;;;;;;;
149273;CCUG 37388;Klebsiella;Klebsiella pneumoniae;;0;;;;;;;;;;;;;;;D-mannitol;68374;;;;;;;;;;;;
149273;CCUG 37388;Klebsiella;Klebsiella pneumoniae;;0;;;;;;;;;;;;;;;Potassium 5-ketogluconate;68374;;;;;;;;;;;;
149273;CCUG 37388;Klebsiella;Klebsiella pneumoniae;;0;;;;;;;;;;;;;;;D-galacturonic acid;68374;;;;;;;;;;;;
149273;CCUG 37388;Klebsiella;Klebsiella pneumoniae;;0;;;;;;;;;;;;;;;L-arabitol;68374;;;;;;;;;;;;
149273;CCUG 37388;Klebsiella;Klebsiella pneumoniae;;0;;;;;;;;;;;;;;;urea;68374;;;;;;;;;;;;
149273;CCUG 37388;Klebsiella;Klebsiella pneumoniae;;0;;;;;;;;;;;;;;;lysine;68374;;;;;;;;;;;;
149273;CCUG 37388;Klebsiella;Klebsiella pneumoniae;;0;;;;;;;;;;;;;;;arginine;68374;;;;;;;;;;;;
149273;CCUG 37388;Klebsiella;Klebsiella pneumoniae;;0;;;;;;;;;;;;;;;ornithine;68374;;;;;;;;;;;;
136175;CIP 52.214;Klebsiella;Klebsiella pneumoniae;;0;Klebsiella pneumoniae;20215;;;MEDIUM 3 - Columbia agar;35500;30;35500;;;;;;;;;;;;;;;;;;;;
156658;CCUG 63957;Klebsiella;Klebsiella pneumoniae;;0;Klebsiella pneumoniae;20215;;;;;37;63049;;;aerobe;63049;;;sorbitol;68374;indole;0;68374;indole;68374;L-aspartate arylamidase;-;68374;Human urine,56-yr-old woman;63049;;
156658;CCUG 63957;Klebsiella;Klebsiella pneumoniae;;0;;;;;;;;;;;;;;;cellobiose;68374;;;;;;alpha-maltosidase;-;68374;;;;
156658;CCUG 63957;Klebsiella;Klebsiella pneumoniae;;0;;;;;;;;;;;;;;;myo-inositol;68374;;;;;;alpha-galactosidase;+;68374;;;;
156658;CCUG 63957;Klebsiella;Klebsiella pneumoniae;;0;;;;;;;;;;;;;;;L-rhamnose;68374;;;;;;alpha-glucosidase;-;68374;;;;
156658;CCUG 63957;Klebsiella;Klebsiella pneumoniae;;0;;;;;;;;;;;;;;;trehalose;68374;;;;;;beta-galactosidase;+;68374;;;;
156658;CCUG 63957;Klebsiella;Klebsiella pneumoniae;;0;;;;;;;;;;;;;;;D-arabitol;68374;;;;;;N-acetyl-beta-glucosaminidase;-;68374;;;;
156658;CCUG 63957;Klebsiella;Klebsiella pneumoniae;;0;;;;;;;;;;;;;;;L-arabinose;68374;;;;;;beta-glucuronidase;-;68374;;;;
156658;CCUG 63957;Klebsiella;Klebsiella pneumoniae;;0;;;;;;;;;;;;;;;sucrose;68374;;;;;;beta-glucosidase;+;68374;;;;
156658;CCUG 63957;Klebsiella;Klebsiella pneumoniae;;0;;;;;;;;;;;;;;;D-glucose;68374;;;;;;lipase;-;68374;;;;
156658;CCUG 63957;Klebsiella;Klebsiella pneumoniae;;0;;;;;;;;;;;;;;;tryptophan;68374;;;;;;urease;+;68374;;;;
156658;CCUG 63957;Klebsiella;Klebsiella pneumoniae;;0;;;;;;;;;;;;;;;malonate;68374;;;;;;lysine decarboxylase;+;68374;;;;
156658;CCUG 63957;Klebsiella;Klebsiella pneumoniae;;0;;;;;;;;;;;;;;;palatinose;68374;;;;;;arginine dihydrolase;-;68374;;;;
156658;CCUG 63957;Klebsiella;Klebsiella pneumoniae;;0;;;;;;;;;;;;;;;ribitol;68374;;;;;;ornithine decarboxylase;-;68374;;;;
156658;CCUG 63957;Klebsiella;Klebsiella pneumoniae;;0;;;;;;;;;;;;;;;maltose;68374;;;;;;;;;;;;
156658;CCUG 63957;Klebsiella;Klebsiella pneumoniae;;0;;;;;;;;;;;;;;;D-mannitol;68374;;;;;;;;;;;;
156658;CCUG 63957;Klebsiella;Klebsiella pneumoniae;;0;;;;;;;;;;;;;;;Potassium 5-ketogluconate;68374;;;;;;;;;;;;
156658;CCUG 63957;Klebsiella;Klebsiella pneumoniae;;0;;;;;;;;;;;;;;;D-galacturonic acid;68374;;;;;;;;;;;;
156658;CCUG 63957;Klebsiella;Klebsiella pneumoniae;;0;;;;;;;;;;;;;;;L-arabitol;68374;;;;;;;;;;;;
156658;CCUG 63957;Klebsiella;Klebsiella pneumoniae;;0;;;;;;;;;;;;;;;urea;68374;;;;;;;;;;;;
156658;CCUG 63957;Klebsiella;Klebsiella pneumoniae;;0;;;;;;;;;;;;;;;lysine;68374;;;;;;;;;;;;
156658;CCUG 63957;Klebsiella;Klebsiella pneumoniae;;0;;;;;;;;;;;;;;;arginine;68374;;;;;;;;;;;;
156658;CCUG 63957;Klebsiella;Klebsiella pneumoniae;;0;;;;;;;;;;;;;;;ornithine;68374;;;;;;;;;;;;
136176;CIP 52.215;Klebsiella;Klebsiella pneumoniae;;0;Klebsiella pneumoniae;20215;;;MEDIUM 3 - Columbia agar;35502;30;35502;;;;;;;;;;;;;;;;;;;;
159219;DSM 109292;Klebsiella;Klebsiella pneumoniae;BWKH 506;0;Klebsiella pneumoniae;20215;;;TRYPTICASE SOY YEAST EXTRACT MEDIUM (DSMZ Medium 92);66042;37;66042;;;;;;;;;;;;;;;;;rectal swab;66042;;
136179;CIP 52.218;Klebsiella;Klebsiella pneumoniae;;0;Klebsiella pneumoniae;20215;;;MEDIUM 3 - Columbia agar;35506;30;35506;;;;;;;;;;;;;;;;;;;;
159220;DSM 109293;Klebsiella;Klebsiella pneumoniae;BWKH 507;0;Klebsiella pneumoniae;20215;;;TRYPTICASE SOY YEAST EXTRACT MEDIUM (DSMZ Medium 92);66043;37;66043;;;;;;;;;;;;;;;;;throat swab;66043;;
136182;CIP 52.220;Klebsiella;Klebsiella pneumoniae;;0;Klebsiella pneumoniae;20215;;;MEDIUM 3 - Columbia agar;35510;30;35510;;;;;;;;;;;;;;;;;;;;
159221;DSM 109294;Klebsiella;Klebsiella pneumoniae;BWKH 510;0;Klebsiella pneumoniae;20215;;;TRYPTICASE SOY YEAST EXTRACT MEDIUM (DSMZ Medium 92);66044;37;66044;;;;;;;;;;;;;;;;;rectal swab;66044;;
136186;CIP 52.222;Klebsiella;Klebsiella pneumoniae;;0;Klebsiella pneumoniae;20215;;;MEDIUM 3 - Columbia agar;35515;30;35515;;;;;;;;;;;;;;;;;;;;
159222;DSM 109295;Klebsiella;Klebsiella pneumoniae;BWKH 511;0;Klebsiella pneumoniae;20215;;;TRYPTICASE SOY YEAST EXTRACT MEDIUM (DSMZ Medium 92);66045;37;66045;;;;;;;;;;;;;;;;;rectal swab;66045;;
136187;CIP 52.223;Klebsiella;Klebsiella pneumoniae;;0;Klebsiella pneumoniae;20215;;;MEDIUM 3 - Columbia agar;35516;30;35516;;;;;;;;;;;;;;;;;;;;
159226;DSM 109299;Klebsiella;Klebsiella pneumoniae;BWKH 518;0;Klebsiella pneumoniae;20215;;;TRYPTICASE SOY YEAST EXTRACT MEDIUM (DSMZ Medium 92);66049;37;66049;;;;;;;;;;;;;;;;;rectal swab;66049;;
136188;CIP 52.224;Klebsiella;Klebsiella pneumoniae;;0;Klebsiella pneumoniae;20215;;;MEDIUM 3 - Columbia agar;35518;30;35518;;;;;;;;;;;;;;;;;;;;
159227;DSM 109300;Klebsiella;Klebsiella pneumoniae;BWKH 520;0;Klebsiella pneumoniae;20215;;;TRYPTICASE SOY YEAST EXTRACT MEDIUM (DSMZ Medium 92);66050;37;66050;;;;;;;;;;;;;;;;;throat swab;66050;;
136214;CIP 103522;Klebsiella;Klebsiella pneumoniae;;0;Klebsiella pneumoniae;20215;;;MEDIUM 3 - Columbia agar;35560;30;35560;;;;;;;;;;;;;;;;;;35560;;
