Name;Main publication;Gram reaction;Type strain;Min. growth requierments;1-butanol;2-butanol;Isobutanol;2-propanol;Acetate;Additional growth requierments;Butanol;Carbon Monoxide;Cyclopentanol;Dimethylamine;Dimethyl sulfide;Ethanol;Formate collections;H2+CO2;H2+methanol;Methanol;Methylamine;Other substrate;Propanol;Propionate;Trimethylamine;Intestinal tracks;Other environment;Reactor environment;Soil environment;Volcanic environment;Water environment
Methanobacterium aarhusense;A.Shlimon et al.,  2004,  Int. J. Syst. Evol. Microbiol.,  vol. 54,  p. 759;positive;H2-LR;no data;No data;No data;No data;No;No;No data;No data;No;no data;no data;No;No;No;Yes;No data;No;No data;not supporting:methane tiol;no data;No data;No;not applicable;no data;not applicable;not applicable;not applicable;yes
Methanobacterium alcaliphilum;S. Worakit et al.,  1986,  Int. J. Syst. Bacteriol.,  vol. 36,  p. 380;negative;WeN4;tripticase peptone/yeast extract;No data;No data;No data;No data;No;No data;No data;No data;no data;no data;no data;no data;No;Yes;No data;No data;no data;no data;no data;No data;no data;not applicable;no data;not applicable;not applicable;not applicable;yes
Methanobacterium arcticum;V. Shcherbakova et al.,  2011,  Int. J. Syst. Evol. Microbiol.,  vol. 61,  p. 144;negative;M2;no data;No data;No;No data;No;No;No data;No;No data;no data;no data;no data;No;Yes;Yes;No on;No;No;no data;no data;No;No;not applicable;no data;not applicable;yes;not applicable;not applicable
Methanobacterium beijingense;K. Ma et al.,  2005,  Int. J. Syst. Evol. Microbiol.,  vol. 55,  p. 325;negative;02 VIII;yeast extract;No data;No data;No;No;No;No data;No data;No data;no data;no data;no data;No;Yes;Yes;No data;No;no data;no data;no data;No data;No;not applicable;no data;yes;not applicable;not applicable;not applicable
Methanobacterium bryantii;W. Balch et al.,  1979,  Microbiol. Rev.,  vol. 43,  p. 260;positive;MoH;None;No data;No data;Yes;Yes;No data;Yeast extract, acetate, cysteine, Fe, W, Ni;No data;No data;no data;no data;no data;no data;no data;Yes;No data;No;no data;no data;no data;No data;no data;not applicable;no data;not applicable;yes;not applicable;not applicable
Methanobacterium congolense;N. Cuzin et al.,  2001,  Int. J. Syst. Evol. Microbiol.,  vol. 51,  p. 489;positive;C;no data;No;No data;No;No data;No;No data;No data;No data;Yes;no data;no data;No;No;Yes;No data;No;No;not supporting:1-pentanol;No;No data;No;not applicable;no data;yes;not applicable;not applicable;not applicable
Methanobacterium espanolae;G. Patel et al.,  1990,  Int. J. Syst. Bacteriol.,  vol. 40,  p. 12;positiv;GP9;Vitamins;No data;No data;No data;No data;No;Vitamins;No data;No data;no data;no data;no data;no data;No;Yes;No data;No;no data;not supporting:butyrate, pyruvate;no data;No data;No;not applicable;no data;yes;not applicable;not applicable;not applicable
Methanobacterium ferruginis;K. Mori et al.,  2011,  Int. J. Syst. Evol. Microbiol.,  vol. 61,  p. 138;variable;Mic6c05;Vitamins;No data;No data;No data;No data;No;No data;No data;No data;Yes;no data;no data;No;No;Yes;No data;No;No;no data;no data;No data;no data;not applicable;1;not applicable;not applicable;not applicable;not applicable
Methanobacterium flexile;J. Zhu et al.,  2011,  Int. J. Syst. Evol. Microbiol.,  vol. 61,  p. 2974;positiv;GH;yeast extract;No data;No data;No;No;No;No data;No data;No data;no data;no data;no data;No;Yes;Yes;No data;No;no data;no data;no data;No data;No;not applicable;no data;not applicable;not applicable;not applicable;yes
Methanobacterium formicicum;M. Bryant et al.,  1987,  Int. J. Syst. Bacteriol.,  vol. 37,  p. 171;positive;MF;no data;No data;No data;Yes;Yes;No data;Acetyate, cysteine;No data;No data;no data;no data;no data;no data;Yes;Yes;No data;No data;no data;no data;no data;No data;no data;not applicable;no data;yes;not applicable;not applicable;not applicable
Methanobacterium ivanovii;M. Jain et al.,  1987,  Syst. Appl. Microbiol.,  vol. 9,  p. 77;No data;Ivanov;no data;No data;No data;No data;No;No data;No data;No data;No data;no data;no data;no data;no data;No;Yes;No data;No data;no data;no data;no data;No data;no data;not applicable;no data;not applicable;not applicable;not applicable;not applicable
Methanobacterium kanagiense;K. Kitamuraet al.,  2011,  Int. J. Syst. Evol. Microbiol.,  vol. 61,  p. 1246;variable;169;no data;No data;No data;No data;No data;No data;No data;No data;No data;no data;no data;no data;no data;no data;Yes;No data;No;no data;no data;no data;No data;no data;not applicable;no data;not applicable;yes;not applicable;not applicable
Methanobacterium lacus;G. Borrel et al.,  2012,  Int. J. Syst. Evol. Microbiol.,  vol. 62,  p. 1625;negative;17A1;no data;No data;No data;No;No;No;No data;No data;No data;no data;no data;no data;no data;No;Yes;Yes;No data;No;no data;no data;Yes;no data;not applicable;no data;not applicable;not applicable;not applicable;yes
Methanobacterium movens;J. Zhu et al.,  2011,  Int. J. Syst. Evol. Microbiol.,  vol. 61,  p. 2974;positiv;TS-2;yeast extract;No data;No data;No;No;No;No data;No data;No data;no data;no data;no data;No;No;Yes;No data;No;no data;no data;no data;No data;No;not applicable;no data;not applicable;not applicable;not applicable;yes
Methanobacterium movilense;J. Schirmack et al., 2014,  Int. J. Syst. Evol. Microbiol.,  vol. 64,  p. 522;negative;MC-20;no data;No data;Yes;No data;Yes;No;No data;No data;No;No data;Yes;Yes;No;Yes;Yes;No data;No;No;no data;No data;No data;Yes;not applicable;no data;not applicable;not applicable;not applicable;yes
Methanobacterium oryzae;C. Joulian et al.,  2000,  Int. J. Syst. Evol. Microbiol.,  vol. 50,  p. 525;No data;FPi;no data;No data;No data;No;No;No;No data;No data;No data;no data;no data;no data;no data;Yes;Yes;No data;No data;no data;no data;no data;No data;no data;not applicable;no data;not applicable;yes;not applicable;not applicable
Methanobacterium palustre;G. Zellner et al.,  1988,  Arch. Microbiol.,  vol. 151,  p. 1;positiv;F;no data;No data;No data;No data;Yes;No;No data;No data;No data;no data;No;no data;no data;Yes;Yes;No data;No data;No;no data;no data;No data;No;not applicable;no data;not applicable;yes;not applicable;not applicable
Methanobacterium petrolearium;K. Mori et al.,  2011,  Int. J. Syst. Evol. Microbiol.,  vol. 61,  p. 138;variable;Mic5c12;acetate, yeast extract;No data;No data;No;No;No;No data;No data;No data;No;no data;no data;No;No;Yes;No data;No;No;no data;no data;No data;no data;not applicable;1;not applicable;not applicable;not applicable;not applicable
Methanobacterium subterraneum;S. Kotelnikova et al.,  1998,  Int. J. Syst. Evol. Microbiol.,  vol. 48,  p. 357;No data;A8p;None;No;No data;No;No data;No;None;No data;No data;no data;no data;No;No;Yes;Yes;No on;No;no data;not supporting: pyruvate, fructose, glucose,;No;No;No;not applicable;no data;not applicable;not applicable;not applicable;yes
Methanobacterium thermaggregans;K. Blotevogel et al.,  1985,  Arch. Microbiol.,  vol. 142,  p. 218;negative;DSM3266;None;No data;No data;No data;No data;No;yeast extract;No data;No data;no data;No;No;No;No;Yes;No data;No data;No;no data;no data;No data;No;not applicable;no data;not applicable;yes;not applicable;not applicable
Methanobacterium uliginosum;H. Konig,  1987,  Can. J. Microbiol.,  vol. 30,  p. 1477;No data;P2St;no data;No data;No data;No data;No data;No data;yeast extract;No data;No data;no data;no data;no data;no data;no data;Yes;No data;No data;no data;no data;no data;No data;no data;not applicable;no data;not applicable;yes;not applicable;not applicable
Methanobacterium veterum;K. Krivushin et al.,  2010,  Int. J. Syst. Evol. Microbiol.,  vol. 60,  p. 455;negative;MK4;no data;No data;No data;No;No;No;acetate;No data;No data;no data;no data;no data;No;No;Yes;Yes;No data;No;no data;no data;Yes;No;not applicable;no data;not applicable;yes;not applicable;not applicable
Methanobrevibacter acididurans;D. Savant et al.,  2002,  Int. J. Syst. Evol. Microbiol.,  vol. 52,  p. 1081;positive;ATM;rumen fluid, acetate, aminoacids;No data;No;No data;No;No;No data;No;No data;no data;no data;no data;no data;No;Yes;No data;No;no data;no data;no data;No data;No;not applicable;no data;not applicable;not applicable;not applicable;not applicable
Methanobrevibacter arboriphilus;J. Zeikus et al.,  1975,  Antonie Van Leeuwenhoek,  vol. 41,  p. 543;positive;DH1;Vitamins;No data;No data;No data;No data;No;generally organic compounds;No data;No data;no data;no data;no data;No;No;Yes;No data;No;no data;no data;no data;No data;no data;not applicable;1;not applicable;not applicable;not applicable;not applicable
Methanobrevibacter boviskoreani;J. Lee et al.,  2013,  Int. J. Syst. Evol. Microbiol.,  vol. 63,  p. 4196;positive;JH1;no data;No data;No data;No data;No data;No data;No data;No data;No data;No data;No data;No data;No data;Yes;Yes;No data;No data;No data;no data;No data;No data;No data;yes;no data;not applicable;not applicable;not applicable;not applicable
Methanobrevibacter curvatus;J. Leadbetter et al.,  1996,  Appl. Environ. Microbiol.,  vol. 62,  p. 3620;positive;RFM-2;Casamino acids, yeast extract, rumen fluid;No data;No data;No data;No;No;No data;No data;No;no data;No;no data;No;No;Yes;No on;No;no data;not supporting:theobromine, theophyline, trimethoxybenzoate, lactate, pyruvate, glucose;no data;No;No;yes;no data;not applicable;not applicable;not applicable;not applicable
Methanobrevibacter cuticularis;J. Leadbetter et al.,  1996,  Appl. Environ. Microbiol.,  vol. 62,  p. 3620;positive;RFM-1;Rumen fluid, nutrient broth;No data;No data;No data;No;No;No data;No data;No;no data;No;no data;No;Yes;Yes;No on;No;no data;not supporting:theobromine, theophyline, trimethoxybenzoate, lactate, pyruvate, glucose;no data;No;No;yes;no data;not applicable;not applicable;not applicable;not applicable
Methanobrevibacter filiformis;J. Leadbetter et al.,  1998,  Arch. Microbiol.,  vol. 169,  p. 287;positive;RFM-3;yeast extract;No data;No data;No data;No;No;No data;No data;No;no data;No;no data;No;No;Yes;No on;No;no data;not supporting:theobromine, theophyline, trimethoxybenzoate, lactate, pyruvate, glucose;no data;No;No;yes;no data;not applicable;not applicable;not applicable;not applicable
Methanobrevibacter gottschalkii;T. Miller et al.,  2002,  Int. J. Syst. Evol. Microbiol.,  vol. 52,  p. 819;positive;HO;acetate, yeast extract, trypticase;No data;No data;No data;No data;No;No data;No data;No data;no data;no data;no data;no data;No;Yes;No on;No;no data;no data;no data;No;No;yes;no data;not applicable;not applicable;not applicable;not applicable
Methanobrevibacter millerae;S. Rea et al.,  2007,  Int. J. Syst. Evol. Microbiol.,  vol. 57,  p. 450;positive;ZA-10;acetate, yeast extract, trypticase;No data;No;No data;No;No;No data;No;No data;no data;no data;no data;No;Yes;Yes;No data;No;No;no data;no data;No data;No;yes;no data;not applicable;not applicable;not applicable;not applicable
Methanobrevibacter olleyae;S. Rea et al.,  2007,  Int. J. Syst. Evol. Microbiol.,  vol. 57,  p. 450;positive;KM1H5-1P;acetate, yeast extract, trypticase, coenzyme M, branched-chain;No data;No;No data;No;No;No data;No;No data;no data;no data;no data;No;Yes;Yes;No data;No;No;no data;no data;No data;No;yes;no data;not applicable;not applicable;not applicable;not applicable
Methanobrevibacter oralis;A. Ferrari et al.,  1994,  Curr. Microbiol.,  vol. 29,  p. 7;positive;ZR;MB medium;No data;No data;No data;No data;No;No data;No data;No data;no data;no data;no data;no data;No;Yes;No on;No;no data;no data;no data;No;no data;yes;no data;not applicable;not applicable;not applicable;not applicable
Methanobrevibacter ruminantium;H. Smith et al.,  1958,  J. Bacteriol.,  vol. 75,  p. 713;positive;M1;no data;No data;No data;No data;No data;No data;No data;No data;No data;no data;no data;no data;no data;Yes;Yes;No data;No data;no data;no data;no data;No data;no data;yes;no data;not applicable;not applicable;not applicable;not applicable
Methanobrevibacter smithii;W. Balch et al.,  1979,  Microbiol. Rev.,  vol. 43,  p. 260;positive;PS;no data;No data;No data;No data;No data;No data;No data;No data;No data;no data;no data;no data;no data;Yes;Yes;No data;No data;no data;no data;no data;No data;no data;not applicable;no data;not applicable;not applicable;not applicable;not applicable
Methanobrevibacter thaueri;T. Miller et al.,  2002,  Int. J. Syst. Evol. Microbiol.,  vol. 52,  p. 819;positive;CW;acetate, yeast extract, trypticase;No data;No data;No data;No data;No;none;No data;No data;no data;no data;no data;no data;No;Yes;No on;No;no data;no data;no data;No;No;yes;no data;not applicable;not applicable;not applicable;not applicable
Methanobrevibacter woesei;T. Miller et al.,  2002,  Int. J. Syst. Evol. Microbiol.,  vol. 52,  p. 819;positive;GS;acetate, yeast extract, trypticase;No data;No data;No data;No data;No;No data;No data;No data;no data;no data;no data;no data;Yes;Yes;No on;No;no data;no data;no data;No;No;yes;no data;not applicable;not applicable;not applicable;not applicable
Methanobrevibacter wolinii;T. Miller et al.,  2002,  Int. J. Syst. Evol. Microbiol.,  vol. 52,  p. 819;positive;SH;acetate, yeast extract, trypticase, coenzyme M, branched-chain;No data;No data;No data;No data;No;No data;No data;No data;no data;no data;no data;no data;No;Yes;No on;No;no data;no data;no data;No;No;yes;no data;not applicable;not applicable;not applicable;not applicable
Methanocalculus chunghsingensis;M. Lai et al.,  2004,  Int. J. Syst. Evol. Microbiol.,  vol. 54,  p. 183;negative;K1F9705b;acetate;No data;No;No;No;No;tungsten;No;No data;no data;No;no data;No;Yes;Yes;No data;No;no data;no data;no data;No data;No;not applicable;no data;not applicable;not applicable;not applicable;yes
Methanocalculus halotolerans;B. Ollivier et al.,  1998,  Int. J. Syst. Bacteriol.,  vol. 48,  p. 823;No data;SEBR 4845;acetate;No;No;No data;No;No;yeast extract;No;No data;no data;no data;no data;no data;Yes;Yes;No data;No;no data;not supporting: lactate, glucose;No;No data;No;not applicable;no data;not applicable;not applicable;not applicable;yes
Methanocalculus natronophilus;T. Zhilina et al.,  2014,  Microbiology,  vol. 82,  p. 698;No data;Z-7105;no data;No;No data;No data;No;No;No data;No data;No data;No data;No data;No data;No data;Yes;Yes;No data;No;No data;no data;No;No data;No;not applicable;no data;not applicable;not applicable;not applicable;yes
Methanocalculus pumilus;K. Mori et al.,  2000,  Int. J. Syst. Evol. Microbiol.,  vol. 50,  p. 1723;negative;KHT-1;acetate;No;No;No data;No;No;No data;No;No data;no data;no data;no data;No;Yes;Yes;No data;No;no data;not supporting: pyruvate, glucose;No;No data;No;not applicable;no data;yes;not applicable;not applicable;not applicable
Methanocalculus taiwanensis;M. Lai et al.,  2002,  Int. J. Syst. Evol. Microbiol.,  vol. 52,  p. 1799;negative;P2F9704a;acetate;No data;No;No;No;No;tungsten, microelement solution;No;No data;no data;no data;no data;No;Yes;Yes;No data;No;no data;no data;no data;No data;No;not applicable;no data;not applicable;not applicable;not applicable;yes
Methanocaldococcus fervens;C. Jeanthon et al.,  1999,  Int. J. Syst. Bacteriol.,  vol. 49,  p. 583;No data;AG86;no data;No data;No data;No data;No data;No;yeast extract, casamino acids, tripticase, selenite, tungsten;No data;No data;no data;no data;no data;no data;No;Yes;No on;No;No;no data;no data;No;no data;not applicable;no data;not applicable;not applicable;yes;not applicable
Methanocaldococcus indicus;S. L Haridon et al.,  2003,  Int. J. Syst. Evol. Microbiol.,  vol. 53,  p.1931;negative;SL43;no data;No data;Yes;No data;No data;No;selenate, tungsten, yeast extract;No data;No data;no data;no data;no data;no data;No;Yes;No on;No;No;no data;no data;No;no data;not applicable;no data;not applicable;not applicable;yes;not applicable
Methanocaldococcus infernus;C. Jeanthon et al.,  1998,  Int. J. Syst. Bacteriol.,  vol. 48,  p. 913;No data;ME;None;No data;No data;No data;No data;No;selenate, tungsten, yeast extract;No data;No data;No data;No data;No data;No data;No;Yes;No on;No;No;no data;No data;No;No data;not applicable;no data;not applicable;not applicable;yes;not applicable
Methanocaldococcus jannaschii;W. Jones, et al.,  1983,  Arch. Microbiol.,  vol. 136,  p. 254;No data;JAL-1;NaCl, Na2S,;No data;No data;No data;No data;No;Selenium;No data;No data;no data;No;no data;no data;No;Yes;No data;No;No;no data;no data;No data;No;not applicable;no data;not applicable;not applicable;yes;not applicable
Methanocaldococcus villosus;A. Bellack et al.,  2011,  Int. J. Syst. Evol. Microbiol.,  vol. 61,  p.1239;negative;KIN24-T80;no data;No data;No data;No data;No data;No;selenate, tungsten, yeast extract;No data;No data;no data;no data;no data;no data;No;Yes;No data;No;no data;not supporting: pyruvate;no data;No data;no data;not applicable;no data;not applicable;not applicable;yes;not applicable
Methanocaldococcus vulcanius;C. Jeanthon et al.,  1999,  Int. J. Syst. Bacteriol.,  vol. 49,  p. 583;No data;M7;None;No data;No data;No data;No data;No;selenate, tungsten, yeast extract;No data;No data;No data;No data;No data;No data;No;Yes;No on;No;No;no data;No data;No;No data;not applicable;no data;not applicable;not applicable;yes;not applicable
Methanocella arvoryzae;S. Sakai et al.,  2010,  Int. J. Syst. Evol. Microbiol.,  vol. 60,  p. 2918;No data;MRE50;acetate;No data;No;No;No;No;easyt extract;No;No data;no data;No;no data;No;Yes;Yes;No on;No;No;no data;no data;No;No;not applicable;no data;not applicable;yes;not applicable;not applicable
Methanocella conradii;Z. Lu et al.,  2012,  J. Bacteriol.,  vol. 194,  p. 2398;No data;HZ254;acetate;No data;No;No;No;No;No data;No;No data;no data;No;no data;No;No;Yes;No data;No;No;no data;no data;No data;No;not applicable;no data;not applicable;yes;not applicable;not applicable
Methanocella paludicola;S. Sakai et al.,  2008,  Int. J. Syst. Evol. Microbiol.,  vol. 58,  p. 929;negative;SANAE;acetate;No;No;No data;No;No;yeast extract;No;No data;No;No;no data;No;Yes;Yes;No data;No;No;not supporting: pyruvate, lactate;No;No data;No;not applicable;no data;not applicable;yes;not applicable;not applicable
Methanococcoides alaskense;N. Singh et al.,  2005,  Int. J. Syst. Evol. Microbiol.,  vol. 55,  p.2531;negative;AK-5;no data;No data;No data;No data;No data;No;No data;No data;No data;no data;no data;No;no data;No;1G;No data;No;no data;no data;no data;No data;Yes;not applicable;no data;not applicable;yes;not applicable;not applicable
Methanococcoides burtonii;P. Franzmann et al.,  1992,  Syst. Appl. Microbiol.,  vol. 15,  p. 573;No data;ACE-M;no data;No data;No data;No data;No data;No;No data;No data;No data;no data;no data;no data;no data;no data;no data;No data;Yes;no data;no data;no data;No data;no data;not applicable;no data;not applicable;not applicable;not applicable;not applicable
Methanococcoides methylutens;K. Sowers et al.,  1983,  Appl. Environ. Microbiol.,  vol. 45,  p. 684;negative;TMA-10;no data;No data;No data;No data;No data;No;No data;No data;No data;no data;Yes;no data;no data;No;No on;No data;Yes;Yes;no data;no data;No data;Yes;not applicable;no data;not applicable;yes;not applicable;not applicable
Methanococcoides vulcani;S. L'Haridon et al.;negative;SLH33T;no data;No data;No data;No data;No data;No data;No data;No data;No data;No data;Yes;No data;No data;No data;No data;No data;Yes;Yes;no data;No data;No data;Yes;not applicable;no data;not applicable;not applicable;yes;not applicable
Methanococcus aeolicus;M. Kendall et al.,  2006,  Int. J. Syst. Evol. Microbiol.,  vol. 57,  p. 1525;No data;Nankai-3;no data;No;No;No data;No;No;Selenium;No;No data;no data;no data;no data;No;no data;Yes;No data;No;no data;no data;No;No data;No;not applicable;no data;not applicable;not applicable;not applicable;yes
Methanococcus maripaludis;W. Jones et al.,  1983,  Arch. Microbiol.,  vol. 135,  p. 91;negative;JJ;NaCl, Na2S;No data;No data;No data;No data;No;Selenium;No data;No data;no data;No;no data;no data;No;Yes;No data;No;No;no data;no data;No data;No;not applicable;no data;not applicable;not applicable;yes;not applicable
Methanococcus vannielii;T. Stadtman et al.,  1951,  J. Bacteriol.,  vol. 62,  p. 269;No data;SB;no data;No data;No data;No data;No data;No data;No data;No data;No data;no data;no data;no data;no data;Yes;Yes;No data;No;no data;no data;no data;No data;no data;not applicable;no data;not applicable;not applicable;not applicable;not applicable
Methanococcus voltae;W. Belch et al.,  1989,  Int. J. Syst. Bacteriol.,  vol. 39,  p. 493;unknown (cell lysis);PS;Ni, Fe, Co, Mg, Ca, SeO4, CO2, 2methylbutyrate, propionate, isoleucine, leucine;No data;No;No data;No;No;pantoyllacetone;No;No data;no data;no data;no data;No;Yes;Yes;No data;No;no data;not supporting:butyrate, valerate;no data;No data;no data;not applicable;no data;not applicable;not applicable;not applicable;yes
Methanocorpusculum aggregans;B. Ollivier et al.,  1985,  Int. J. Syst. Bacteriol.,  vol. 35,  p. 127;negative;MSt;acetate, yeast extract;No data;No data;No data;No data;No;No data;No data;No data;no data;No;no data;no data;Yes;Yes;No data;No;No;no data;no data;No data;No;not applicable;no data;yes;not applicable;not applicable;not applicable
Methanocorpusculum bavaricum;G. Zellner et al.,  1989,  Arch. Microbiol.,  vol. 151,  p. 381;negative;SZSXXZ;rumen fluid, yeast extract;No;Yes;No data;Yes;No;tungsten;Yes;No data;no data;No;no data;No;Yes;Yes;No data;No;No;not supporting:cyclohexanol;No;No data;No;not applicable;no data;yes;not applicable;not applicable;not applicable
Methanocorpusculum labreanum;Y. Zhao et al.,  1989,  Int. J. Syst. Evol. Microbiol.,  vol. 39,  p. 10;negative;Z;no data;No data;No data;No data;No data;No;No data;No data;No data;no data;no data;no data;No;Yes;Yes;No data;No;no data;no data;no data;No data;No;not applicable;no data;not applicable;not applicable;not applicable;yes
Methanocorpusculum parvum;G. Zellner et al.,  1987,  Arch. Microbiol.,  vol. 147,  p. 13;negative;XII;acetate, yeast extract, tungsten,;No;No data;No data;Yes;No;rumen fluid;No data;No data;no data;No;no data;No;Yes;Yes;No on;No;No;not supporting: pyruvate, lactate, fumarate, butyrate, 2-pentanol, formaldehyde, alanine, leucine;no data;No;No;not applicable;no data;yes;not applicable;not applicable;not applicable
Methanocorpusculum sinense;G. Zellner et al.,  1989,  Arch. Microbiol.,  vol. 151,  p. 381;negative;China Z;rumen fuid, yeast extract;No;No;No data;No;No;tungsten;No;No data;no data;No;no data;No;Yes;Yes;No data;No;No;not supporting: cyclohexanol;No;No data;No;not applicable;no data;yes;not applicable;not applicable;not applicable
Methanoculleus bourgensis;B. Ollivier et al.,  1986,  Int. J. Syst. Bacteriol.,  vol. 36,  p. 297;negative;MS2;acetate;No data;No data;No data;No data;No;No data;No data;No data;no data;no data;no data;no data;Yes;Yes;No data;No;no data;no data;no data;No data;No;not applicable;no data;yes;not applicable;not applicable;not applicable
Methanoculleus chikugoensis;D. Dianou et al.,  2001,  Int. J. Syst. Evol. Microbiol.,  vol. 51,  p. 1663;negative;MG62;yeast extract, tripticase peptone, casitone, acetate;No data;Yes;No data;Yes;No;No data;Yes;No data;Yes;No;no data;No;Yes;Yes;No on;No data;No;no data;no data;No;No;not applicable;no data;not applicable;yes;not applicable;not applicable
Methanoculleus horonobensis;S. Shimizu et al.,  2013,  Int. J. Syst. Evol. Microbiol.,  vol. 63,  p. 4320;negative;T10;no data;No data;No;No data;No;No;yeast extract, CoM, acetate;No;No data;No;No;No data;No data;Yes;Yes;No data;No;No;no data;No data;No data;No;not applicable;no data;not applicable;yes;not applicable;not applicable
Methanoculleus hydrogenitrophicus;J. Tian et al.,  Int. J. Syst. Evol. Microbiol.,  vol. 60,  p. 2165;negative;HC;no data;No data;No;No data;No;No;yeast extract;No;No data;No data;No data;No data;No;No;Yes;No data;No;No data;no data;No data;No data;No;not applicable;no data;not applicable;yes;not applicable;not applicable
Methanoculleus marisnigri;J. Romesser et al.,  1979,  Arch. Microbiol.,  vol. 121,  p. 147;negative;JR1;tripticase;No data;No data;No data;No data;No;No data;No data;No data;no data;no data;no data;no data;Yes;Yes;No data;No;no data;no data;no data;No data;no data;not applicable;no data;not applicable;not applicable;not applicable;yes
Methanoculleus palmolei;G. Zellner et al.,  1998,  Int. J. Syst. Bacteriol.,  vol. 48,  p. 1111;negative;INSLUZ;acetate;No data;Yes;No data;Yes;No;potasium, tungsten;Yes;No data;Yes;No;no data;No;Yes;Yes;No data;No;no data;not suppoting:2-pentanol, 2,3-butanodiol, lactate;No;No data;no data;not applicable;no data;yes;not applicable;not applicable;not applicable
Methanoculleus receptaculi;L. Cheng et al.,  2008,  FEMS Microbiol. Lett.,  vol. 285,  p. 65;No data;ZC-2;acetate;No data;No;No;No;No;No data;No;No data;no data;no data;No;No;Yes;Yes;No data;No data;No;no data;no data;No data;No;not applicable;1;not applicable;not applicable;not applicable;not applicable
Methanoculleus sediminis;Sheng-Chung Chen et al.,  2015,  Int. J. Syst. Evol. Microbiol.,  vol. 65,  p. 2141–2147;no data;S3Fa;no data;Yes;No;No;No;No;No data;No data;No;No;No;No;No;Yes;Yes;No on;No;No;no data;No;no data;No;not applicable;no data;not applicable;not applicable;yes;yes
Methanoculleus submarinus;J. Mikucki et al.,  2003,  Appl. Environ. Microbiol.,  vol. 69,  p. 3311;negative;Nankai-1;acetate or yeast extract;No data;No data;No data;No data;No;No data;No data;No data;no data;no data;no data;No;Yes;Yes;No data;No;no data;no data;no data;No data;No;not applicable;no data;not applicable;not applicable;not applicable;yes
Methanoculleus thermophilus;C. Rivard et al.,  1982,  Int. J. Syst. Bacteriol.,  vol. 32,  p. 430;negative;CR-1;Tripticase, trace element solution;No data;No data;No data;No data;No;No data;No data;No data;no data;no data;no data;No;Yes;Yes;No on;No;no data;no data;no data;No;no data;not applicable;no data;not applicable;not applicable;not applicable;yes
Methanofollis aquaemaris;M. Lai et al.,  2001,  Int. J. Syst. Evol. Microbiol.,  vol. 51,  p. 1873;negative;N2F9704;no data;No data;No;No;No;No;acetate, tungsten;No;No data;no data;No;no data;No;Yes;Yes;No data;No;no data;no data;no data;No data;No;not applicable;no data;not applicable;not applicable;not applicable;yes
Methanofollis ethanolicus;H. Imachi et al.,  2009,  Int. J. Syst. Evol. Microbiol.,  vol. 59,  p. 800;negative;HASU;acetate;Yes;No;No data;No;No;yeast extract;No;No data;No;No;no data;Yes;Yes;Yes;No data;No data;No;not supporting: pyruvate, lactate;Yes;No data;No;not applicable;no data;not applicable;yes;not applicable;not applicable
Methanofollis formosanus;S. Wu et al.,  2005,  Int. J. Syst. Evol. Microbiol.,  vol. 55,  p. 837;negative;N2M9704;unidentified;No data;No;No;No;No;acetate, tungsten;No;No data;no data;No;no data;No;Yes;Yes;No data;No;No;no data;no data;No data;No;not applicable;no data;not applicable;not applicable;not applicable;yes
Methanofollis liminatans;G. Zellner et al.,  1990,  Arch. Microbiol.,  vol. 153,  p. 287;No data;GKZPZ;no data;No;Yes;No data;Yes;No;tungsten;Yes;No data;Yes;No;no data;No;Yes;Yes;No data;No;no data;not supporting :2-pentanol, cycloheksanol;No;No data;no data;not applicable;no data;yes;not applicable;not applicable;not applicable
Methanofollis tationis;H. Zabel et al.,  1984,  Arch. Microbiol.,  vol. 37,  p. 308;negative;DSM 2702;acetate, yeast extract, peptone, heavy metal solution;No data;No data;No data;No data;No;No data;No data;No data;no data;No;no data;No;Yes;Yes;No data;No;no data;not supporting: ethyl acetate;no data;No data;No;not applicable;no data;not applicable;not applicable;yes;not applicable
Methanogenium boonei;M. Kendall et al.,  2007,  Appl. Environ. Microbiol.,  vol. 73,  p. 407;negative;AK 7;acetate, yeast extract;No;No;No data;No;No;No data;No;No data;no data;no data;no data;No;Yes;Yes;No data;No;no data;no data;No;No data;no data;not applicable;no data;not applicable;not applicable;not applicable;yes
Methanogenium cariaci;J. Romesser et al.,  1979,  Arch. Microbiol.,  vol. 121,  p. 147;negative;JR1;yeast extract, acetate,;No data;No data;No data;No data;No;No data;No data;No data;no data;no data;no data;no data;Yes;Yes;No data;No;no data;no data;no data;No data;no data;not applicable;no data;not applicable;not applicable;not applicable;yes
Methanogenium frigidum;P. Franzmann et al.,  1997,  Int. J. Syst. Bacteriol.,  vol. 47,  p. 1068;negative;Ace-2;acetate;No data;No data;No data;No data;No;yeast extract, peptone;No data;No data;no data;no data;no data;no data;Yes;Yes;No on;No;no data;no data;no data;No;No;not applicable;no data;not applicable;not applicable;not applicable;yes
Methanogenium marinum;S. Chong et al.,  2002,  Antonie Van Leeuwenhoek,  vol. 81,  p. 263;negative;AK-1;acetate, thiamine, riboflavin, vitamin B12, peptones;No data;No;No;No;No;No data;No;No data;no data;no data;no data;No;Yes;Yes;No on;No;no data;no data;no data;No;No;not applicable;no data;not applicable;not applicable;not applicable;yes
Methanogenium organophilum;F. Widdel et al.,  1988,  Arch. Microbiol.,  vol. 150,  p. 477;No data;CV;acetate/ethanol, aminobenzoate, biotin, B12, tungsten;No data;Yes;No data;Yes;No;No data;Yes;No data;no data;no data;no data;Yes;Yes;Yes;No data;No;no data;no data;no data;No data;no data;not applicable;no data;not applicable;not applicable;not applicable;yes
Methanohalobium evestigatum;T. Zhilina et al.,  1987,  Dokl. Akad. Nauk SSSR,  vol. 293,  p. 464;No data;Z-7303;no data;No data;No data;No data;No data;No data;No data;No data;No data;no data;no data;no data;no data;no data;no data;No data;No data;no data;no data;no data;No data;no data;not applicable;no data;not applicable;not applicable;not applicable;not applicable
Methanohalophilus euhalobius;I. Davidova et al.,  1987,  Antonie Van Leeuwenhoek,  vol. 71,  p. 313;negative;283;biotin;No data;No data;No data;No data;No;No data;No data;No data;no data;Yes;no data;no data;No;No on;No data;Yes;Yes;no data;no data;No data;Yes;not applicable;no data;not applicable;yes;not applicable;not applicable
Methanohalophilus halophilus;T. Zhilina et al.,  1984,  Mikrobiologiya,  vol. 52,  p. 375;No data;Z-7982;no data;No data;No;No;No;No;No data;No;No data;no data;Yes;no data;no data;No;No on;No data;No data;Yes;no data;no data;No data;Yes;not applicable;no data;not applicable;yes;not applicable;not applicable
Methanohalophilus levihalophilus;T. Katayama et al.,  2014,  Int. J. Syst. Evol. Microbiol.,  in press;negative;GTA13;no data;No data;No data;No data;No data;No;No data;No data;No data;No data;Yes;No;No data;No;No on;No data;No;No data;no data;No data;No data;No data;not applicable;no data;not applicable;not applicable;not applicable;not applicable
Methanohalophilus mahii;J. Paterek et al.,  1988,  Int. J. Syst. Bacteriol.,  vol. 38,  p. 122;negative;SLP;no data;No data;No data;No data;No data;No;No data;No data;No data;no data;Yes;no data;no data;No;No on;No data;Yes;Yes;no data;no data;No data;Yes;not applicable;no data;not applicable;yes;not applicable;not applicable
Methanohalophilus portucalensis;D. Boone et al.,  1993,  Int. J. Syst. Bacteriol.,  vol. 43,  p. 430;negative;FDF-1;no data;No data;No data;No data;No data;No;No data;No data;No data;no data;Yes;No;no data;No;No on;No data;Yes;Yes;no data;no data;No data;Yes;not applicable;no data;not applicable;yes;not applicable;not applicable
Methanolacinia paynteri;C. Rivard et al.,  1983,  Appl. Environ. Microbiol.,  vol. 46,  p. 484;negative;G-2000;acetate;No data;No data;No data;No data;No;No data;No data;No data;no data;No;no data;No;No;Yes;No data;No;No;no data;no data;No data;No;not applicable;no data;not applicable;not applicable;not applicable;yes
Methanolinea mesophila;S. Sakai et al.,  2012,  Int. J. Syst. Evol. Microbiol.,  vol. 62,  p. 1389;No data;TNR;no data;No data;No data;No data;No data;No data;No data;No data;No data;no data;no data;no data;no data;Yes;Yes;No data;No;no data;no data;no data;No data;no data;not applicable;no data;not applicable;yes;not applicable;not applicable
Methanolinea tarda;H. Imachi et al.,  2008,  Int. J. Syst. Evol. Microbiol.,  vol. 58,  p. 294;negative;NOBi-1;acetate, yeast extract;No;No;No data;No;No;No data;No;No data;No;No;no data;No;Yes;Yes;No data;No;No;not supporting: pyruvate, lactate;No;No data;No;not applicable;no data;yes;not applicable;not applicable;not applicable
Methanolobus bombayensis;P. Kadam et al.,  1994,  Int. J. Syst. Bacteriol.,  vol. 44,  p. 603;negative;MCM B706;-1;No data;No data;No data;No data;No;yeast extract,peptones;No data;No data;no data;Yes;Yes;no data;No;No on;No data;Yes;Yes;no data;no data;No data;Yes;not applicable;no data;not applicable;yes;not applicable;not applicable
Methanolobus oregonensis;Y. Liu et al.,  1990,  Int. J. Syst. Bacteriol.,  vol. 40,  p. 111;positive;WAL1;biotin, thiamine;No data;No data;No data;No data;No;No data;No data;No data;no data;no data;Yes;no data;No;No on;No data;Yes;no data;no data;no data;No data;Yes;not applicable;no data;not applicable;yes;not applicable;not applicable
Methanolobus profundi;H. Mochimaru et al.,  2009,  Int. J. Syst. Evol. Microbiol.,  vol. 59,  p. 714;negative;MobM;-1;No data;Yes;No data;No data;No;No data;No data;No data;no data;Yes;No;No;No;No on;No data;Yes;Yes;no data;no data;No data;Yes;not applicable;no data;not applicable;yes;not applicable;not applicable
Methanolobus psychrophilus;G. Zhang et al.,  2008,  Appl. Environ. Microbiol.,  vol. 74,  p. 6114;No data;R15;biotin;No data;No data;No data;No data;No;No data;No data;No data;no data;Yes;Yes;no data;No;No on;No data;Yes;Yes;no data;no data;No data;Yes;yes;no data;not applicable;not applicable;not applicable;not applicable
Methanolobus taylorii;R. Oremland et al.,  1989,  Appl. Environ. Microbiol.,  vol. 55,  p. 994;negative;GS-16;biotin;No data;No data;No data;No data;No;No data;No data;No data;no data;Yes;Yes;no data;No;No on;No data;Yes;Yes;no data;no data;No data;Yes;not applicable;no data;not applicable;not applicable;not applicable;not applicable
Methanolobus tindarius;H. Konig et al.,  1982,  Zentralbl. Bakteriol. Mikrobiol. Hyg. [B],  vol. 3,  p. 478;No data;Tindari 3;-1;No data;Yes;No data;No data;No;No data;No data;No data;no data;Yes;Yes;no data;No;No on;No data;Yes;Yes;no data;no data;No data;Yes;not applicable;no data;not applicable;not applicable;not applicable;not applicable
Methanolobus vulcani;P. Kadam et al.,  1995,  Int. J. Syst. Bacteriol.,  vol. 45,  p. 400;negative;PL-12/M;biotin;No data;No data;No data;No data;No;No data;No data;No data;no data;Yes;no data;no data;No;No on;No data;Yes;Yes;no data;no data;No data;Yes;not applicable;no data;not applicable;not applicable;not applicable;not applicable
Methanolobus zinderi;S. Doerfert et al.,  2009,  Int. J. Syst. Evol. Microbiol.,  vol. 59,  p. 1064;negative;SD-1;no data;No data;Yes;No data;No data;No;No data;No data;No data;no data;Yes;No;no data;No;No on;No data;Yes;Yes;no data;no data;No data;Yes;not applicable;no data;not applicable;not applicable;not applicable;yes
Methanomassiliicoccus luminyensis;B. Dridi et al.,  2012,  Int. J. Syst. Evol. Microbiol.,  vol. 62,  p. 1902;positive;B10;tungstate, yeast extract;No data;No;No data;No;No;No data;No;No data;No;No data;No data;No;No;No on;No data;Yes;No data;no data;No;No data;No;yes;no data;not applicable;not applicable;not applicable;not applicable
Methanomethylovorans hollandica;B. Lomans et al.,  1999,  Appl. Environ. Microbiol.,  vol. 65,  p. 3641;negative;DMS1;no data;No data;Yes;No data;No data;No;No data;No data;No data;no data;Yes;Yes;no data;no data;No on;No data;Yes;Yes;no data;no data;No data;Yes;not applicable;no data;not applicable;not applicable;not applicable;yes
Methanomethylovorans thermophila;B. Jiang et al.,  2005,  Int. J. Syst. Evol. Microbiol.,  vol. 55,  p. 2465;negative;L2FAW;no data;No;No;No;No;No;No data;No;No;No;Yes;No;No;No;No on;No data;Yes;Yes;no data;No;No data;Yes;not applicable;no data;yes;not applicable;not applicable;not applicable
Methanomethylovorans uponensis;I. Cha et al.,  2013, Antonie Van Leeuwenhoek,  vol. 104,  p. 1005;negative;EK1;no data;No data;No data;No data;No;No;No data;No data;No data;No data;Yes;Yes;No data;No;No on;No data;Yes;Yes;no data;No data;No data;Yes;not applicable;no data;not applicable;not applicable;not applicable;yes
Methanomicrobium mobile;M. Paynter et al.,  1968,  J. Bacteriol.,  vol. 95,  p. 1943;negative;BP;yeast extract,;No data;No data;No data;No data;No;No data;No data;No data;no data;no data;no data;No;Yes;Yes;No data;No;no data;no data;no data;No data;no data;yes;no data;not applicable;not applicable;not applicable;not applicable
Methanomicrococcus blatticola;W. Sprenger et al.,  2000,  Int. J. Syst. Evol. Microbiol.,  vol. 50,  p. 1989;unknown (cell lysis);PA;Co-M;No data;No data;No data;No data;No;methanol+H2;No data;No data;no data;Yes;no data;No;No;No on;Yes;No;Yes;no data;no data;Yes;Yes;not applicable;no data;yes;not applicable;not applicable;not applicable
Methanoplanus endosymbiosus;J. van Bruggen et al.,  1986,  Arch. Microbiol.,  vol. 144,  p. 367;negative;MC1;no data;No data;Yes;No data;No data;No;No data;No data;No data;no data;no data;no data;no data;Yes;Yes;No data;No;No;no data;no data;No data;no data;not applicable;no data;not applicable;not applicable;not applicable;yes
Methanoplanus limicola;G. Wildgruber et al.,  1982,  Arch. Microbiol.,  vol. 132,  p. 31;negative;M3;acetate;No data;No data;No data;No data;No;No data;No data;No data;no data;No;no data;no data;Yes;Yes;No data;No;No;no data;no data;No data;No;not applicable;no data;not applicable;yes;not applicable;not applicable
Methanoplanus petrolearius;B. Ollivier et al.,  1997,  FEMS Microbiol. Lett.,  vol. 147,  p. 51;No data;SEBR 4847;acetate;No;No data;No;Yes;No;No data;No data;No data;no data;no data;no data;no data;Yes;Yesa;No data;No;no data;not supporting:lactate, glucose;No;No data;No;not applicable;no data;not applicable;not applicable;not applicable;yes
Methanopyrus kandleri;M. Kurr et al.,  1991,  Arch. Microbiol.,  vol. 156,  p. 239;positive;AV19;no data;No;Yes;No;No;No;No data;No;No data;No;No;No;No;No;Yes;No data;No;No;no data;No;No data;No;not applicable;no data;not applicable;not applicable;not applicable;yes
Methanoregula boonei;S. Brauer et al.,  2011,  Int. J. Syst. Evol. Microbiol.,  vol. 61,  p. 45;negative;6A8;acetate, coenzym M, vitamins, yeast extract;No;No data;No data;No;No;No data;No data;No data;no data;no data;no data;No;No;Yes;No data;No;no data;no data;no data;No data;No;not applicable;no data;not applicable;yes;not applicable;not applicable
Methanoregula formicica;Y. Yashiro et al.,  2011,  Int. J. Syst. Evol. Microbiol.,  vol. 61,  p. 53;No data;SMSP;acetate, yeast extract;No;No;No data;No;No;No data;No;No data;No;No;no data;No;Yes;Yes;No data;No;No;not supporting:pyruvate;No;No data;No;not applicable;no data;yes;not applicable;not applicable;not applicable
Methanosaeta concilii;G. Patel et al.,  1990,  Int. J. Syst. Bacteriol.,  vol. 40,  p. 79;negative;GP6;no data;No data;No data;No data;No data;Yes;acetate;No data;No data;no data;No;No;No;No;No on;No data;No;No;no data;no data;No data;No;not applicable;no data;yes;not applicable;not applicable;not applicable
Methanosaeta harundinacea;K. Ma et al.,  2006,  Int. J. Syst. Evol. Microbiol.,  vol. 56,  p. 127;variable;8Ac;no data;No data;Yes;No;No;Yes;acetate;No data;No data;no data;No;No;No;No;No on;No data;No;No;no data;no data;No data;No;not applicable;no data;yes;not applicable;not applicable;not applicable
Methanosaeta pelagica;K. Mori et al.,  2012,  Appl. Environ. Microbiol.,  vol. 78,  p. 3416;negative;03d30q;no data;No data;No data;No data;No data;Yes;yest extract;No data;No data;no data;No;No;No;No;No on;No data;No;No;no data;no data;No data;No;not applicable;no data;not applicable;not applicable;not applicable;yes
Methanosaeta thermophila;G. Patel et al.,  1990,  Int. J. Syst. Bacteriol.,  vol. 40,  p. 79;negative;PT;biotin;No data;No data;No data;No data;Yes;No data;No data;No data;no data;No;no data;No;No;No on;No data;No;No;no data;no data;No data;No;not applicable;no data;yes;not applicable;not applicable;not applicable
Methanosalsum zhilinae;I. Mathrani et al.,  1988,  Int. J. Syst. Bacteriol.,  vol. 38,  p. 139;negative;WeN5;no data;No data;No data;No data;No data;No;trypticase, peptone, yeast extract, rument fluid;No data;No data;no data;Yes;no data;no data;No;No on;No data;Yes;Yes;no data;no data;No data;Yes;not applicable;no data;not applicable;not applicable;not applicable;yes
Methanosarcina acetivorans;K. Sowers et al.,  1983,  Appl. Environ. Microbiol.,  vol. 47,  p. 971;negative;C2A;no data;No data;No data;No data;No data;Yes;-1;No data;No data;no data;Yes;no data;no data;No;No on;No data;Yes;Yes;no data;no data;No data;Yes;not applicable;no data;not applicable;not applicable;not applicable;yes
Methanosarcina baltica;D. von Klein et al.,  2002,  Extremophiles,  vil. 6,  p. 103;negative;GS1-A;no data;No data;No data;No data;No data;No data;methanol, methylamine, (acetate);No data;No data;no data;Yes;No;no data;No;No on;No data;Yes;Yes;no data;no data;No data;Yes;not applicable;no data;not applicable;not applicable;not applicable;yes
Methanosarcina barkeri;M. Bryant et al.,  1987,  Int. J. Syst. Bacteriol.,  vol. 37,  p. 169;positive;MS;no data;No;No data;No data;No;Yes;H2/C02, methanol,  mono-, di-, a trimethylamine, acetate,  CO/H2;No data;Yes;no data;Yes;no data;No;No;Yes;No data;Yes;Yes;no data;No;No data;Yes;not applicable;no data;yes;yes;not applicable;not applicable
Methanosarcina horonobensis;S. Shimizu et al.,  2011,  Int. J. Syst. Evol. Microbiol.,  vol. 61,  p. 2503;negative;HB-1;no data;No;No data;No data;No;Yes;No data;No data;No data;No;Yes;Yes;no data;No;No on;No data;Yes;No;no data;No;No data;Yes;not applicable;no data;not applicable;not applicable;not applicable;yes
Methanosarcina lacustris;M. Simankova et al.,  2001,  Syst. Appl. Microbiol.,  vol. 24,  p. 362;positive;ZS;yest extract;No data;No data;No data;No data;No data;yest extract;No data;No data;no data;Yes;No;no data;No;Yes;No data;Yes;Yes;no data;no data;No data;Yes;not applicable;no data;not applicable;not applicable;not applicable;yes
Methanosarcina mazei;R. Mah,  1980,  Curr. Microbiol.,  vol. 3,  p. 321;variable;S-6;no data;No;Yes;indifferent;No;Yes;No data;indifferent;indifferent;indifferent;Yes;No;No;No;Yes;No data;Yes;Yes;no data;No;No data;Yes;not applicable;no data;yes;not applicable;not applicable;yes
Methanosarcina semesiae;T. Lyimo et al.,  2000,  Int. J. Syst. Evol. Microbiol.,  vol. 50,  p. 171;positive;MD1;no data;No data;No data;No data;No data;No;methanethiol;No data;No data;no data;Yes;Yes;no data;No;No on;No data;Yes;Yes;no data;no data;No data;Yes;not applicable;no data;not applicable;yes;not applicable;yes
Methanosarcina siciliae;S. Ni et al.,  1991,  Int. J. Syst. Bacteriol.,  vol. 41,  p. 410;negative;T4/M;no data;No data;No data;No data;No data;No;No data;No data;No data;no data;Yes;Yes;no data;No;No on;No data;Yes;Yes;no data;no data;No data;Yes;not applicable;1;not applicable;not applicable;not applicable;not applicable
Methanosarcina soligelidi;D. Wagner et al.,  2013,  Int. J. Syst. Evol. Microbiol.,  vol. 63,  p. 2986;negative;SMA-21;no data;No data;No;No data;No;Yes;No data;No data;No;No data;No;No;No;No;Yes;No data;Yes;No;no data;No data;No data;No;not applicable;no data;not applicable;yes;not applicable;not applicable
Methanosarcina spelaei;L. Ganzert et al,  2014,  Int J Syst Evol Microbiol,  Vol. 64,  P. 3478-3484;no data;MC-15;no data;No data;No data;No data;No data;Yes;no;No data;No data;No data;Yes;No;No;No;Yes;No data;Yes;Yes;no data;No data;no data;Yes;not applicable;no data;not applicable;not applicable;not applicable;yes
Methanosarcina thermophila;S. Zinder et al.,  1979,  Appl. Environ. Microbiol.,  vol. 38,  p. 996;positive;TM-1;no data;indifferent;Yes;indifferent;indifferent;Yes;No data;indifferent;indifferent;indifferent;Yes;indifferent;indifferent;indifferent;Yes;No data;Yes;Yes;no data;indifferent;No data;Yes;not applicable;no data;yes;not applicable;not applicable;not applicable
Methanosarcina vacuolata;T. Zhilina et al.,  1987,  Int. J. Syst. Bacteriol.,  vol. 37,  p. 281;positive;Z-761;no data;No data;No data;No data;No data;Yes;No data;No data;No data;no data;Yes;no data;no data;No;Yes;No data;Yes;Yes;no data;no data;No data;Yes;not applicable;no data;yes;yes;not applicable;not applicable
Methanosphaera cuniculi;B. Biavati et al.,  1988,  Appl. Environ. Microbiol.,  vol. 54,  p. 768;positive;1R7;H2+methanol, acetate;No data;No data;No data;No;No;No data;No data;No data;no data;No;no data;No;No;No on;Yes;No;No;H2+methanol;no data;Yes;No;yes;no data;not applicable;not applicable;not applicable;not applicable
Methanosphaera stadtmanae;T. Miller et al.,  1985,  Arch. Microbiol.,  vol. 141,  p. 116;positive;MCB-3;H2+methanol, acetate, CO2, thiamin;No data;No data;No data;No data;No;biotin, aminoacids;No data;No;no data;No;no data;No;No;No on;Yes;No;No;no data;no data;Yes;No;yes;no data;not applicable;not applicable;not applicable;not applicable
Methanosphaerula palustris;H. Cadillo-Quiroz et al.,  2009,  Int. J. Syst. Evol. Microbiol.,  vol. 59,  p. 928;positive;E1-9c;Vitamins, coenzyme M, acetate;No data;No;No data;No;No;No data;No;No data;no data;no data;no data;No;Yes;Yes;No data;No;no data;not supporting:butyrate;no data;No data;no data;not applicable;no data;not applicable;yes;not applicable;not applicable
Methanospirillum hungatei;J. Ferry et al., 1974,  Int. J. Syst. Bacteriol.,  vol. 24,  p. 465;negative;JF1;acetate;No data;No;No;No;No;No data;No;No data;no data;No;no data;No;Yes;Yes;No data;No;No;no data;no data;No data;No;yes;no data;not applicable;not applicable;not applicable;not applicable
Methanospirillum lacunae;T. Iino et al.,  2010,  Int. J. Syst. Evol. Microbiol.,  vol. 60,  p. 2563;negative;Ki8-1;acetate;No data;No;No;No;No;No data;No;No data;no data;No;no data;No;Yes;Yes;No data;No;No;no data;no data;No data;No;yes;no data;not applicable;not applicable;not applicable;not applicable
Methanospirillum psychrodurum;L. Zhou et al.,  2014,  Int. J. Syst. Evol. Microbiol.,  vol. 64,  p. 638;negative;X-18T;no data;No data;No data;No data;No data;No data;No data;No data;No data;No data;No data;No data;No data;No data;Yes;No data;No data;No data;no data;No data;No data;No data;not applicable;no data;not applicable;yes;not applicable;not applicable
Methanospirillum stamsii;S. Parshina et al.,  2014,  Int. J. Syst. Evol. Microbiol.,  vol. 64,  p. 180;negative;Pt1T;no data;No data;No data;No data;No data;No data;Acetate and yeast extract;No data;No data;No data;No data;No data;No data;Yes;Yes;No data;No data;No data;no data;No data;No data;No data;not applicable;no data;yes;not applicable;not applicable;not applicable
Methanothermobacter crinale;L. Cheng et al.,  2008,  Appl. Environ. Microbiol.,  vol. 77,  p. 5212;positive;Tm2;acetate;No data;No;No;No;No;No data;No;No data;no data;no data;No;No;No;Yes;No data;No data;No;no data;no data;No data;No;not applicable;no data;not applicable;yes;not applicable;not applicable
Methanothermobacter defluvii;S. Kotelnikova et al.,  1993,  Syst. Appl. Microbiol.,  vol. 16,  p. 427;positive;ADZ;no data;No data;No data;No data;No data;No data;No data;No data;No data;no data;no data;no data;no data;Yes;Yes;No data;No data;no data;no data;no data;No data;no data;not applicable;no data;yes;not applicable;not applicable;not applicable
Methanothermobacter marburgensis;A. Wasserfallen et al.,  2000,  Int. J. Syst. Evol. Microbiol.,  vol. 50,  p. 43;positive;Marburg;no data;No data;No data;No data;No data;No data;No data;No data;No data;no data;no data;no data;no data;no data;Yes;No data;No data;no data;no data;no data;No data;no data;not applicable;no data;yes;not applicable;not applicable;not applicable
Methanothermobacter tenebrarum;K. Nakamura et al.,  2013,  Int. J. Syst. Evol. Microbiol.,  vol. 63,  p. 715;positive;RMAS;casamino acids, tryptone, yeast extract, or vitamins for growth;No;No data;No;No;No;acetate;No data;No data;no data;No;no data;No;No;Yes;No data;No;No;no data;No;No data;No;not applicable;no data;not applicable;not applicable;not applicable;not applicable
Methanothermobacter thermautotrophicus;J. Zeikus et al.,  1972,  J. Bacteriol.,  vol. 109,  p. 707;positive;Delta H;None;No data;No data;No data;No data;No;none;No data;No data;no data;no data;no data;No;No;Yes;No data;No;no data;not supporting: pyruvate;no data;No data;no data;not applicable;no data;yes;not applicable;not applicable;not applicable
Methanothermobacter thermoflexus;S. Kotelnikova et al.,  1993,  Syst. Appl. Microbiol.,  vol. 16,  p. 427;positive;IDZ;no data;No data;No data;No data;No data;No data;No data;No data;No data;no data;no data;no data;no data;Yes;Yes;No data;No data;no data;no data;no data;No data;no data;not applicable;no data;yes;not applicable;not applicable;not applicable
Methanothermobacter thermophilus;K. Laurinavichus et al.,  1988,  Mikrobiologiya,  vol. 57,  p. 1035;No data;M;no data;No data;No data;No data;No data;No data;No data;No data;No data;no data;no data;no data;no data;no data;Yes;No data;No data;no data;no data;no data;No data;no data;not applicable;no data;yes;not applicable;not applicable;not applicable
Methanothermobacter wolfeii;J. Winter et al.,  2000,  Int. J. Syst. Evol. Microbiol.,  vol. 50,  p. 43;positive;DSM2970;no data;No data;No data;No data;No data;No;No data;No data;No data;no data;No;no data;no data;Yes;Yes;No data;No data;no data;no data;no data;No data;No;not applicable;no data;yes;not applicable;not applicable;yes
Methanothermococcus okinawensis;K. Takai et al.,  2002,  Int. J. Syst. Evol. Microbiol.,  vol. 52,  p. 1089;No data;IH1;None;No data;No data;No data;No data;No;selenium, Fe2O3;No data;No data;no data;no data;No;No;Yes;Yes;No data;No;no data;no data;no data;No data;No;not applicable;no data;not applicable;not applicable;yes;not applicable
Methanothermococcus thermolithotrophicus;H. Huber et al.,  1982,  Arch. Mikrobiol.,  vol. 132,  p. 47;negative;SN-1;None;No data;No data;No data;No data;No data;None;No data;No data;no data;no data;no data;no data;Yes;Yes;No data;No data;no data;no data;no data;No data;no data;not applicable;no data;not applicable;not applicable;yes;not applicable
Methanothermus fervidus;K. Stetter et al.,  1981,  Zentralbl. Mikrobiol.,  vol. 178,  p. 166;positive;V24 S;no data;No data;No data;No data;No data;No;No data;No data;No data;No data;No data;No data;No data;No;Yes;No data;No data;No data;no data;No data;No data;No data;not applicable;no data;not applicable;not applicable;yes;not applicable
Methanothermus sociabilis;G. Lauerer et al.,  1986,  Syst. Appl. Microbiol.,  vol. 8,  p. 100;No data;KF1-Fl;no data;No data;No data;No data;No data;No data;No data;No data;No data;no data;no data;no data;no data;no data;no data;No data;No data;no data;no data;no data;No data;no data;not applicable;no data;not applicable;not applicable;not applicable;not applicable
Methanotorris formicicus;K. Takai et al.,  2004,  Int. J. Syst. Evol. Microbiol.,  vol. 54,  p. 1095;negative;Mc-S-70;no data;No data;No data;No data;No data;No;No data;No data;No data;no data;no data;No;No;Yes;Yes;No data;No;no data;no data;no data;No data;No;not applicable;no data;not applicable;not applicable;yes;not applicable
Methanotorris igneus;S. Burggraf et al.,  1990,  Syst. Appl. Microbiol.,  vol. 13,  p. 263;No data;Kol 5;no data;No data;No data;No data;No data;No data;No data;No data;No data;no data;no data;no data;no data;no data;no data;No data;No data;no data;no data;no data;No data;no data;not applicable;no data;not applicable;not applicable;yes;not applicable
Methermicoccus shengliensis;L. Cheng et al.,  2007,  Int. J. Syst. Evol. Microbiol.,  vol. 57,  p. 2964;positive;ZC-1;no data;No;No;No;No;No;HS-coM;No;No;No;no data;No;No;No;No on;No data;Yes;Yes;no data;No;No data;Yes;not applicable;no data;not applicable;not applicable;not applicable;not applicable
Methanosarcina flavescens;T. Kern et al.,  2016. Int J Syst Evol Microbiol vol. 66 p. 1533;No data;E03.2T;none;No data;No data;No data;No data;Yes;none;No data;No data;no data;Yes;no data;no data;No;Yes;Yes;Yes;Yes;no data;no data;No data;Yes;not applicable;no data;yes;not applicable;not applicable;not applicable